Disease,Link
A bacterial disease on the soles of feet,https://cb.imsc.res.in/imppat/therapeuticsplants/A%20bacterial%20disease%20on%20the%20soles%20of%20feet
Abdominal digestive ailments,https://cb.imsc.res.in/imppat/therapeuticsplants/Abdominal%20digestive%20ailments
Abdominal fat,https://cb.imsc.res.in/imppat/therapeuticsplants/Abdominal%20fat
Abdominal injuries,https://cb.imsc.res.in/imppat/therapeuticsplants/Abdominal%20injuries
Abdominal neoplasms,https://cb.imsc.res.in/imppat/therapeuticsplants/Abdominal%20neoplasms
Abdominal obstruction,https://cb.imsc.res.in/imppat/therapeuticsplants/Abdominal%20obstruction
Abdominal pain,https://cb.imsc.res.in/imppat/therapeuticsplants/Abdominal%20pain
Abdominal swelling,https://cb.imsc.res.in/imppat/therapeuticsplants/Abdominal%20swelling
Abnormal delivery,https://cb.imsc.res.in/imppat/therapeuticsplants/Abnormal%20delivery
Abortifacient agents,https://cb.imsc.res.in/imppat/therapeuticsplants/Abortifacient%20agents
"Abortion, habitual","https://cb.imsc.res.in/imppat/therapeuticsplants/Abortion,%20habitual"
"Abortion, spontaneous","https://cb.imsc.res.in/imppat/therapeuticsplants/Abortion,%20spontaneous"
Abrasions,https://cb.imsc.res.in/imppat/therapeuticsplants/Abrasions
Abscess,https://cb.imsc.res.in/imppat/therapeuticsplants/Abscess
Abscess on eyes,https://cb.imsc.res.in/imppat/therapeuticsplants/Abscess%20on%20eyes
Acaricide,https://cb.imsc.res.in/imppat/therapeuticsplants/Acaricide
Achlorhydria,https://cb.imsc.res.in/imppat/therapeuticsplants/Achlorhydria
Acne vulgaris,https://cb.imsc.res.in/imppat/therapeuticsplants/Acne%20vulgaris
Acquired immunodeficiency syndrome,https://cb.imsc.res.in/imppat/therapeuticsplants/Acquired%20immunodeficiency%20syndrome
Activation of pituitary adrenocortical system,https://cb.imsc.res.in/imppat/therapeuticsplants/Activation%20of%20pituitary%20adrenocortical%20system
Acute and chronic pyelitis,https://cb.imsc.res.in/imppat/therapeuticsplants/Acute%20and%20chronic%20pyelitis
Acute catarrhal conjuctivitis,https://cb.imsc.res.in/imppat/therapeuticsplants/Acute%20catarrhal%20conjuctivitis
Addison's disease,https://cb.imsc.res.in/imppat/therapeuticsplants/Addison's%20disease
Adenocarcinoma,https://cb.imsc.res.in/imppat/therapeuticsplants/Adenocarcinoma
"Adenocarcinoma, scirrhous","https://cb.imsc.res.in/imppat/therapeuticsplants/Adenocarcinoma,%20scirrhous"
Adrenergic antagonists,https://cb.imsc.res.in/imppat/therapeuticsplants/Adrenergic%20antagonists
Adynamia,https://cb.imsc.res.in/imppat/therapeuticsplants/Adynamia
Against bedbugs,https://cb.imsc.res.in/imppat/therapeuticsplants/Against%20bedbugs
Against induced gastric mucosa damage,https://cb.imsc.res.in/imppat/therapeuticsplants/Against%20induced%20gastric%20mucosa%20damage
Agglutination,https://cb.imsc.res.in/imppat/therapeuticsplants/Agglutination
Aging,https://cb.imsc.res.in/imppat/therapeuticsplants/Aging
Albuminuria,https://cb.imsc.res.in/imppat/therapeuticsplants/Albuminuria
Alcoholic fatty liver,https://cb.imsc.res.in/imppat/therapeuticsplants/Alcoholic%20fatty%20liver
Alcoholic gastritis,https://cb.imsc.res.in/imppat/therapeuticsplants/Alcoholic%20gastritis
Alcoholic intoxication,https://cb.imsc.res.in/imppat/therapeuticsplants/Alcoholic%20intoxication
Alcoholism,https://cb.imsc.res.in/imppat/therapeuticsplants/Alcoholism
Aldehyde reductase,https://cb.imsc.res.in/imppat/therapeuticsplants/Aldehyde%20reductase
Allelopathy,https://cb.imsc.res.in/imppat/therapeuticsplants/Allelopathy
Allergens,https://cb.imsc.res.in/imppat/therapeuticsplants/Allergens
Allopurinol,https://cb.imsc.res.in/imppat/therapeuticsplants/Allopurinol
Alopecia areata,https://cb.imsc.res.in/imppat/therapeuticsplants/Alopecia%20areata
Alpha rhythm,https://cb.imsc.res.in/imppat/therapeuticsplants/Alpha%20rhythm
Alzheimer disease,https://cb.imsc.res.in/imppat/therapeuticsplants/Alzheimer%20disease
Amebicides,https://cb.imsc.res.in/imppat/therapeuticsplants/Amebicides
Amenorrhea,https://cb.imsc.res.in/imppat/therapeuticsplants/Amenorrhea
Amnesia,https://cb.imsc.res.in/imppat/therapeuticsplants/Amnesia
Anal diseases,https://cb.imsc.res.in/imppat/therapeuticsplants/Anal%20diseases
Anal infection,https://cb.imsc.res.in/imppat/therapeuticsplants/Anal%20infection
Analgesia,https://cb.imsc.res.in/imppat/therapeuticsplants/Analgesia
Analgesics,https://cb.imsc.res.in/imppat/therapeuticsplants/Analgesics
Anaphylaxis,https://cb.imsc.res.in/imppat/therapeuticsplants/Anaphylaxis
Androgen antagonists,https://cb.imsc.res.in/imppat/therapeuticsplants/Androgen%20antagonists
Androgens,https://cb.imsc.res.in/imppat/therapeuticsplants/Androgens
Anemia,https://cb.imsc.res.in/imppat/therapeuticsplants/Anemia
"Anemia, aplastic","https://cb.imsc.res.in/imppat/therapeuticsplants/Anemia,%20aplastic"
"Anemia, hemolytic","https://cb.imsc.res.in/imppat/therapeuticsplants/Anemia,%20hemolytic"
"Anemia, sickle cell","https://cb.imsc.res.in/imppat/therapeuticsplants/Anemia,%20sickle%20cell"
Anesthesia,https://cb.imsc.res.in/imppat/therapeuticsplants/Anesthesia
"Anesthesia, local","https://cb.imsc.res.in/imppat/therapeuticsplants/Anesthesia,%20local"
Anesthetics,https://cb.imsc.res.in/imppat/therapeuticsplants/Anesthetics
"Anesthetics, local","https://cb.imsc.res.in/imppat/therapeuticsplants/Anesthetics,%20local"
Angina pectoris,https://cb.imsc.res.in/imppat/therapeuticsplants/Angina%20pectoris
"Angina pectoris, variant","https://cb.imsc.res.in/imppat/therapeuticsplants/Angina%20pectoris,%20variant"
Angiotensin-converting enzyme inhibitors,https://cb.imsc.res.in/imppat/therapeuticsplants/Angiotensin-converting%20enzyme%20inhibitors
Anorexia,https://cb.imsc.res.in/imppat/therapeuticsplants/Anorexia
Antacids,https://cb.imsc.res.in/imppat/therapeuticsplants/Antacids
Antepartum hemorrhage,https://cb.imsc.res.in/imppat/therapeuticsplants/Antepartum%20hemorrhage
Anthelmintics,https://cb.imsc.res.in/imppat/therapeuticsplants/Anthelmintics
Anthrax,https://cb.imsc.res.in/imppat/therapeuticsplants/Anthrax
Anti-anxiety agents,https://cb.imsc.res.in/imppat/therapeuticsplants/Anti-anxiety%20agents
Anti-arrhythmia agents,https://cb.imsc.res.in/imppat/therapeuticsplants/Anti-arrhythmia%20agents
Anti-bacterial agents,https://cb.imsc.res.in/imppat/therapeuticsplants/Anti-bacterial%20agents
Anti-dyskinesia agents,https://cb.imsc.res.in/imppat/therapeuticsplants/Anti-dyskinesia%20agents
Anti-HIV agents,https://cb.imsc.res.in/imppat/therapeuticsplants/Anti-HIV%20agents
Anti-infective agents,https://cb.imsc.res.in/imppat/therapeuticsplants/Anti-infective%20agents
"Anti-infective agents, local","https://cb.imsc.res.in/imppat/therapeuticsplants/Anti-infective%20agents,%20local"
Anti-inflammatory agents,https://cb.imsc.res.in/imppat/therapeuticsplants/Anti-inflammatory%20agents
Anti-lipolytic factor,https://cb.imsc.res.in/imppat/therapeuticsplants/Anti-lipolytic%20factor
Anti-nociceptive,https://cb.imsc.res.in/imppat/therapeuticsplants/Anti-nociceptive
Anti-obesity agents,https://cb.imsc.res.in/imppat/therapeuticsplants/Anti-obesity%20agents
Anti-poisoning,https://cb.imsc.res.in/imppat/therapeuticsplants/Anti-poisoning
Antiapoptotic,https://cb.imsc.res.in/imppat/therapeuticsplants/Antiapoptotic
Anticarcinogenic agents,https://cb.imsc.res.in/imppat/therapeuticsplants/Anticarcinogenic%20agents
Anticoagulants,https://cb.imsc.res.in/imppat/therapeuticsplants/Anticoagulants
Anticonvulsants,https://cb.imsc.res.in/imppat/therapeuticsplants/Anticonvulsants
Antidepressive agents,https://cb.imsc.res.in/imppat/therapeuticsplants/Antidepressive%20agents
Antidiuretic agents,https://cb.imsc.res.in/imppat/therapeuticsplants/Antidiuretic%20agents
Antidotes,https://cb.imsc.res.in/imppat/therapeuticsplants/Antidotes
Antiemetics,https://cb.imsc.res.in/imppat/therapeuticsplants/Antiemetics
Antifibrinolytic agents,https://cb.imsc.res.in/imppat/therapeuticsplants/Antifibrinolytic%20agents
Antifungal agents,https://cb.imsc.res.in/imppat/therapeuticsplants/Antifungal%20agents
Antigenic variation,https://cb.imsc.res.in/imppat/therapeuticsplants/Antigenic%20variation
Antihypertensive agents,https://cb.imsc.res.in/imppat/therapeuticsplants/Antihypertensive%20agents
Antimitotic agents,https://cb.imsc.res.in/imppat/therapeuticsplants/Antimitotic%20agents
Antimutagenic agents,https://cb.imsc.res.in/imppat/therapeuticsplants/Antimutagenic%20agents
Antinematodal agents,https://cb.imsc.res.in/imppat/therapeuticsplants/Antinematodal%20agents
Antineoplastic agents,https://cb.imsc.res.in/imppat/therapeuticsplants/Antineoplastic%20agents
Antioxidants,https://cb.imsc.res.in/imppat/therapeuticsplants/Antioxidants
Antiparasitic agents,https://cb.imsc.res.in/imppat/therapeuticsplants/Antiparasitic%20agents
Antiperiodic,https://cb.imsc.res.in/imppat/therapeuticsplants/Antiperiodic
Antiperspirants,https://cb.imsc.res.in/imppat/therapeuticsplants/Antiperspirants
Antiprotozoal agents,https://cb.imsc.res.in/imppat/therapeuticsplants/Antiprotozoal%20agents
Antipruritics,https://cb.imsc.res.in/imppat/therapeuticsplants/Antipruritics
Antipsychotic agents,https://cb.imsc.res.in/imppat/therapeuticsplants/Antipsychotic%20agents
Antipyretics,https://cb.imsc.res.in/imppat/therapeuticsplants/Antipyretics
Antirheumatic agents,https://cb.imsc.res.in/imppat/therapeuticsplants/Antirheumatic%20agents
Antispermatogenic agents,https://cb.imsc.res.in/imppat/therapeuticsplants/Antispermatogenic%20agents
Antithyroid agents,https://cb.imsc.res.in/imppat/therapeuticsplants/Antithyroid%20agents
Antitoxins,https://cb.imsc.res.in/imppat/therapeuticsplants/Antitoxins
Antitrichomonal agents,https://cb.imsc.res.in/imppat/therapeuticsplants/Antitrichomonal%20agents
Antitubercular agents,https://cb.imsc.res.in/imppat/therapeuticsplants/Antitubercular%20agents
Antitussive agents,https://cb.imsc.res.in/imppat/therapeuticsplants/Antitussive%20agents
Antiviral agents,https://cb.imsc.res.in/imppat/therapeuticsplants/Antiviral%20agents
Anuria,https://cb.imsc.res.in/imppat/therapeuticsplants/Anuria
Anxiety,https://cb.imsc.res.in/imppat/therapeuticsplants/Anxiety
Anxiety disorders,https://cb.imsc.res.in/imppat/therapeuticsplants/Anxiety%20disorders
Aphasia,https://cb.imsc.res.in/imppat/therapeuticsplants/Aphasia
Aphonia,https://cb.imsc.res.in/imppat/therapeuticsplants/Aphonia
Aphrodisiacs,https://cb.imsc.res.in/imppat/therapeuticsplants/Aphrodisiacs
Apnea,https://cb.imsc.res.in/imppat/therapeuticsplants/Apnea
Apoptosis,https://cb.imsc.res.in/imppat/therapeuticsplants/Apoptosis
Appendicitis,https://cb.imsc.res.in/imppat/therapeuticsplants/Appendicitis
Appetite depressants,https://cb.imsc.res.in/imppat/therapeuticsplants/Appetite%20depressants
Appetite stimulants,https://cb.imsc.res.in/imppat/therapeuticsplants/Appetite%20stimulants
Arm injuries,https://cb.imsc.res.in/imppat/therapeuticsplants/Arm%20injuries
"Arrhythmias, cardiac","https://cb.imsc.res.in/imppat/therapeuticsplants/Arrhythmias,%20cardiac"
Arrhythmogenic right ventricular dysplasia,https://cb.imsc.res.in/imppat/therapeuticsplants/Arrhythmogenic%20right%20ventricular%20dysplasia
Arteriosclerosis,https://cb.imsc.res.in/imppat/therapeuticsplants/Arteriosclerosis
Arthralgia,https://cb.imsc.res.in/imppat/therapeuticsplants/Arthralgia
Arthritis,https://cb.imsc.res.in/imppat/therapeuticsplants/Arthritis
"Arthritis, infectious","https://cb.imsc.res.in/imppat/therapeuticsplants/Arthritis,%20infectious"
Arthrodermataceae,https://cb.imsc.res.in/imppat/therapeuticsplants/Arthrodermataceae
Ascariasis,https://cb.imsc.res.in/imppat/therapeuticsplants/Ascariasis
Ascaris,https://cb.imsc.res.in/imppat/therapeuticsplants/Ascaris
Ascites,https://cb.imsc.res.in/imppat/therapeuticsplants/Ascites
Asthenia,https://cb.imsc.res.in/imppat/therapeuticsplants/Asthenia
Asthenopia,https://cb.imsc.res.in/imppat/therapeuticsplants/Asthenopia
Asthma,https://cb.imsc.res.in/imppat/therapeuticsplants/Asthma
Astringents,https://cb.imsc.res.in/imppat/therapeuticsplants/Astringents
Ataxia,https://cb.imsc.res.in/imppat/therapeuticsplants/Ataxia
Atherosclerosis,https://cb.imsc.res.in/imppat/therapeuticsplants/Atherosclerosis
Atrial flutter,https://cb.imsc.res.in/imppat/therapeuticsplants/Atrial%20flutter
Atrophy,https://cb.imsc.res.in/imppat/therapeuticsplants/Atrophy
Attention deficit disorder with hyperactivity,https://cb.imsc.res.in/imppat/therapeuticsplants/Attention%20deficit%20disorder%20with%20hyperactivity
Autacoid release,https://cb.imsc.res.in/imppat/therapeuticsplants/Autacoid%20release
Autoimmune diseases,https://cb.imsc.res.in/imppat/therapeuticsplants/Autoimmune%20diseases
Avian myeloblastosis virus,https://cb.imsc.res.in/imppat/therapeuticsplants/Avian%20myeloblastosis%20virus
Azoospermia,https://cb.imsc.res.in/imppat/therapeuticsplants/Azoospermia
Back pain,https://cb.imsc.res.in/imppat/therapeuticsplants/Back%20pain
Bacterial infections,https://cb.imsc.res.in/imppat/therapeuticsplants/Bacterial%20infections
Bacterial toxins,https://cb.imsc.res.in/imppat/therapeuticsplants/Bacterial%20toxins
Balanitis,https://cb.imsc.res.in/imppat/therapeuticsplants/Balanitis
Balckness of lip or tongue,https://cb.imsc.res.in/imppat/therapeuticsplants/Balckness%20of%20lip%20or%20tongue
Beriberi,https://cb.imsc.res.in/imppat/therapeuticsplants/Beriberi
Bile acids and salts,https://cb.imsc.res.in/imppat/therapeuticsplants/Bile%20acids%20and%20salts
Biliary tract diseases,https://cb.imsc.res.in/imppat/therapeuticsplants/Biliary%20tract%20diseases
Bipolar disorder,https://cb.imsc.res.in/imppat/therapeuticsplants/Bipolar%20disorder
Bites and stings,https://cb.imsc.res.in/imppat/therapeuticsplants/Bites%20and%20stings
Bladder hemorrhage,https://cb.imsc.res.in/imppat/therapeuticsplants/Bladder%20hemorrhage
Blindness,https://cb.imsc.res.in/imppat/therapeuticsplants/Blindness
Blister,https://cb.imsc.res.in/imppat/therapeuticsplants/Blister
Blood glucose regulation,https://cb.imsc.res.in/imppat/therapeuticsplants/Blood%20glucose%20regulation
Blood pressure regulation,https://cb.imsc.res.in/imppat/therapeuticsplants/Blood%20pressure%20regulation
Body odor,https://cb.imsc.res.in/imppat/therapeuticsplants/Body%20odor
Body temperature regulation,https://cb.imsc.res.in/imppat/therapeuticsplants/Body%20temperature%20regulation
Bone neoplasms,https://cb.imsc.res.in/imppat/therapeuticsplants/Bone%20neoplasms
Botulism,https://cb.imsc.res.in/imppat/therapeuticsplants/Botulism
Bowel dysfunction,https://cb.imsc.res.in/imppat/therapeuticsplants/Bowel%20dysfunction
Brachial neuritis,https://cb.imsc.res.in/imppat/therapeuticsplants/Brachial%20neuritis
Bradycardia,https://cb.imsc.res.in/imppat/therapeuticsplants/Bradycardia
Brain concussion,https://cb.imsc.res.in/imppat/therapeuticsplants/Brain%20concussion
Brain diseases,https://cb.imsc.res.in/imppat/therapeuticsplants/Brain%20diseases
Brain edema,https://cb.imsc.res.in/imppat/therapeuticsplants/Brain%20edema
Brain neoplasms,https://cb.imsc.res.in/imppat/therapeuticsplants/Brain%20neoplasms
Breast diseases,https://cb.imsc.res.in/imppat/therapeuticsplants/Breast%20diseases
Breast neoplasms,https://cb.imsc.res.in/imppat/therapeuticsplants/Breast%20neoplasms
Bronchial diseases,https://cb.imsc.res.in/imppat/therapeuticsplants/Bronchial%20diseases
Bronchial spasm,https://cb.imsc.res.in/imppat/therapeuticsplants/Bronchial%20spasm
Bronchiectasis,https://cb.imsc.res.in/imppat/therapeuticsplants/Bronchiectasis
Bronchitis,https://cb.imsc.res.in/imppat/therapeuticsplants/Bronchitis
Bronchoconstriction,https://cb.imsc.res.in/imppat/therapeuticsplants/Bronchoconstriction
Bronchodilator agents,https://cb.imsc.res.in/imppat/therapeuticsplants/Bronchodilator%20agents
Bunyaviridae infections,https://cb.imsc.res.in/imppat/therapeuticsplants/Bunyaviridae%20infections
Burns,https://cb.imsc.res.in/imppat/therapeuticsplants/Burns
Cachexia,https://cb.imsc.res.in/imppat/therapeuticsplants/Cachexia
Calcium channel blockers,https://cb.imsc.res.in/imppat/therapeuticsplants/Calcium%20channel%20blockers
Calculi,https://cb.imsc.res.in/imppat/therapeuticsplants/Calculi
Callosities,https://cb.imsc.res.in/imppat/therapeuticsplants/Callosities
"Candidiasis, cutaneous","https://cb.imsc.res.in/imppat/therapeuticsplants/Candidiasis,%20cutaneous"
"Candidiasis, vulvovaginal","https://cb.imsc.res.in/imppat/therapeuticsplants/Candidiasis,%20vulvovaginal"
Capillary fragility,https://cb.imsc.res.in/imppat/therapeuticsplants/Capillary%20fragility
Capillary permeability,https://cb.imsc.res.in/imppat/therapeuticsplants/Capillary%20permeability
Carbuncle,https://cb.imsc.res.in/imppat/therapeuticsplants/Carbuncle
Carcinogenesis,https://cb.imsc.res.in/imppat/therapeuticsplants/Carcinogenesis
Carcinogens,https://cb.imsc.res.in/imppat/therapeuticsplants/Carcinogens
"Carcinoma 256, walker","https://cb.imsc.res.in/imppat/therapeuticsplants/Carcinoma%20256,%20walker"
"Carcinoma, ehrlich tumor","https://cb.imsc.res.in/imppat/therapeuticsplants/Carcinoma,%20ehrlich%20tumor"
"Carcinoma, lewis lung","https://cb.imsc.res.in/imppat/therapeuticsplants/Carcinoma,%20lewis%20lung"
"Carcinoma, non-small-cell lung","https://cb.imsc.res.in/imppat/therapeuticsplants/Carcinoma,%20non-small-cell%20lung"
"Carcinoma, renal cell","https://cb.imsc.res.in/imppat/therapeuticsplants/Carcinoma,%20renal%20cell"
Cardiomyopathies,https://cb.imsc.res.in/imppat/therapeuticsplants/Cardiomyopathies
Cardiotonic agents,https://cb.imsc.res.in/imppat/therapeuticsplants/Cardiotonic%20agents
Cardiotoxins,https://cb.imsc.res.in/imppat/therapeuticsplants/Cardiotoxins
Cardiovascular agents,https://cb.imsc.res.in/imppat/therapeuticsplants/Cardiovascular%20agents
Cardiovascular diseases,https://cb.imsc.res.in/imppat/therapeuticsplants/Cardiovascular%20diseases
Cardiovascular system,https://cb.imsc.res.in/imppat/therapeuticsplants/Cardiovascular%20system
Cariostatic agents,https://cb.imsc.res.in/imppat/therapeuticsplants/Cariostatic%20agents
Carotid stenosis,https://cb.imsc.res.in/imppat/therapeuticsplants/Carotid%20stenosis
Carrageenan,https://cb.imsc.res.in/imppat/therapeuticsplants/Carrageenan
Cataract,https://cb.imsc.res.in/imppat/therapeuticsplants/Cataract
Cathartics,https://cb.imsc.res.in/imppat/therapeuticsplants/Cathartics
Cattle diseases,https://cb.imsc.res.in/imppat/therapeuticsplants/Cattle%20diseases
Celiac disease,https://cb.imsc.res.in/imppat/therapeuticsplants/Celiac%20disease
Cellulitis,https://cb.imsc.res.in/imppat/therapeuticsplants/Cellulitis
Central nervous system depressants,https://cb.imsc.res.in/imppat/therapeuticsplants/Central%20nervous%20system%20depressants
Central nervous system diseases,https://cb.imsc.res.in/imppat/therapeuticsplants/Central%20nervous%20system%20diseases
Central nervous system stimulants,https://cb.imsc.res.in/imppat/therapeuticsplants/Central%20nervous%20system%20stimulants
Cerebellar vermis,https://cb.imsc.res.in/imppat/therapeuticsplants/Cerebellar%20vermis
Cerebral arterial thrombosis,https://cb.imsc.res.in/imppat/therapeuticsplants/Cerebral%20arterial%20thrombosis
Cerebrovascular circulation,https://cb.imsc.res.in/imppat/therapeuticsplants/Cerebrovascular%20circulation
Cervical dilatation,https://cb.imsc.res.in/imppat/therapeuticsplants/Cervical%20dilatation
Cestoda,https://cb.imsc.res.in/imppat/therapeuticsplants/Cestoda
Chancre,https://cb.imsc.res.in/imppat/therapeuticsplants/Chancre
Cheilitis,https://cb.imsc.res.in/imppat/therapeuticsplants/Cheilitis
Chemoprevention,https://cb.imsc.res.in/imppat/therapeuticsplants/Chemoprevention
Chemosterilants,https://cb.imsc.res.in/imppat/therapeuticsplants/Chemosterilants
Chest pain,https://cb.imsc.res.in/imppat/therapeuticsplants/Chest%20pain
Chickenpox,https://cb.imsc.res.in/imppat/therapeuticsplants/Chickenpox
Chilblains,https://cb.imsc.res.in/imppat/therapeuticsplants/Chilblains
Child health,https://cb.imsc.res.in/imppat/therapeuticsplants/Child%20health
Chills,https://cb.imsc.res.in/imppat/therapeuticsplants/Chills
Cholagogues and choleretics,https://cb.imsc.res.in/imppat/therapeuticsplants/Cholagogues%20and%20choleretics
Cholangitis,https://cb.imsc.res.in/imppat/therapeuticsplants/Cholangitis
Cholecystitis,https://cb.imsc.res.in/imppat/therapeuticsplants/Cholecystitis
Cholelithiasis,https://cb.imsc.res.in/imppat/therapeuticsplants/Cholelithiasis
Cholera,https://cb.imsc.res.in/imppat/therapeuticsplants/Cholera
Cholestasis,https://cb.imsc.res.in/imppat/therapeuticsplants/Cholestasis
Cholesterol,https://cb.imsc.res.in/imppat/therapeuticsplants/Cholesterol
"Cholesterol, hdl","https://cb.imsc.res.in/imppat/therapeuticsplants/Cholesterol,%20hdl"
"Cholesterol, ldl","https://cb.imsc.res.in/imppat/therapeuticsplants/Cholesterol,%20ldl"
Cholinergic agents,https://cb.imsc.res.in/imppat/therapeuticsplants/Cholinergic%20agents
Cholinergic antagonists,https://cb.imsc.res.in/imppat/therapeuticsplants/Cholinergic%20antagonists
Cholinesterase inhibitors,https://cb.imsc.res.in/imppat/therapeuticsplants/Cholinesterase%20inhibitors
Chorea,https://cb.imsc.res.in/imppat/therapeuticsplants/Chorea
Chronic disease,https://cb.imsc.res.in/imppat/therapeuticsplants/Chronic%20disease
Chylous ascites,https://cb.imsc.res.in/imppat/therapeuticsplants/Chylous%20ascites
Chyluria,https://cb.imsc.res.in/imppat/therapeuticsplants/Chyluria
Cicatrix,https://cb.imsc.res.in/imppat/therapeuticsplants/Cicatrix
Coagulants,https://cb.imsc.res.in/imppat/therapeuticsplants/Coagulants
Cocksfoot mottle virus,https://cb.imsc.res.in/imppat/therapeuticsplants/Cocksfoot%20mottle%20virus
Cognition,https://cb.imsc.res.in/imppat/therapeuticsplants/Cognition
Colic,https://cb.imsc.res.in/imppat/therapeuticsplants/Colic
Colitis,https://cb.imsc.res.in/imppat/therapeuticsplants/Colitis
"Colitis, ulcerative","https://cb.imsc.res.in/imppat/therapeuticsplants/Colitis,%20ulcerative"
Colonic diseases,https://cb.imsc.res.in/imppat/therapeuticsplants/Colonic%20diseases
Colonic neoplasms,https://cb.imsc.res.in/imppat/therapeuticsplants/Colonic%20neoplasms
Coma,https://cb.imsc.res.in/imppat/therapeuticsplants/Coma
Common cold,https://cb.imsc.res.in/imppat/therapeuticsplants/Common%20cold
Complications,https://cb.imsc.res.in/imppat/therapeuticsplants/Complications
Condiments,https://cb.imsc.res.in/imppat/therapeuticsplants/Condiments
Condylomata acuminata,https://cb.imsc.res.in/imppat/therapeuticsplants/Condylomata%20acuminata
Confusion,https://cb.imsc.res.in/imppat/therapeuticsplants/Confusion
Conjunctivitis,https://cb.imsc.res.in/imppat/therapeuticsplants/Conjunctivitis
"Conjunctivitis, allergic","https://cb.imsc.res.in/imppat/therapeuticsplants/Conjunctivitis,%20allergic"
"Conjunctivitis, bacterial","https://cb.imsc.res.in/imppat/therapeuticsplants/Conjunctivitis,%20bacterial"
Conscious sedation,https://cb.imsc.res.in/imppat/therapeuticsplants/Conscious%20sedation
Constipation,https://cb.imsc.res.in/imppat/therapeuticsplants/Constipation
"Contraception, barrier","https://cb.imsc.res.in/imppat/therapeuticsplants/Contraception,%20barrier"
Contraceptive agents,https://cb.imsc.res.in/imppat/therapeuticsplants/Contraceptive%20agents
"Contraceptives, oral","https://cb.imsc.res.in/imppat/therapeuticsplants/Contraceptives,%20oral"
Contusions,https://cb.imsc.res.in/imppat/therapeuticsplants/Contusions
Convalescence,https://cb.imsc.res.in/imppat/therapeuticsplants/Convalescence
Convulsants,https://cb.imsc.res.in/imppat/therapeuticsplants/Convulsants
Cooling effect on body,https://cb.imsc.res.in/imppat/therapeuticsplants/Cooling%20effect%20on%20body
Corneal diseases,https://cb.imsc.res.in/imppat/therapeuticsplants/Corneal%20diseases
Corneal opacity,https://cb.imsc.res.in/imppat/therapeuticsplants/Corneal%20opacity
Coronary artery disease,https://cb.imsc.res.in/imppat/therapeuticsplants/Coronary%20artery%20disease
Coronary circulation,https://cb.imsc.res.in/imppat/therapeuticsplants/Coronary%20circulation
Coronary disease,https://cb.imsc.res.in/imppat/therapeuticsplants/Coronary%20disease
Coronary thrombosis,https://cb.imsc.res.in/imppat/therapeuticsplants/Coronary%20thrombosis
Cosmetics,https://cb.imsc.res.in/imppat/therapeuticsplants/Cosmetics
Cough,https://cb.imsc.res.in/imppat/therapeuticsplants/Cough
Counterirritant,https://cb.imsc.res.in/imppat/therapeuticsplants/Counterirritant
Coxitis,https://cb.imsc.res.in/imppat/therapeuticsplants/Coxitis
Crohn disease,https://cb.imsc.res.in/imppat/therapeuticsplants/Crohn%20disease
Cyst of liver,https://cb.imsc.res.in/imppat/therapeuticsplants/Cyst%20of%20liver
Cystic fibrosis,https://cb.imsc.res.in/imppat/therapeuticsplants/Cystic%20fibrosis
Cystitis,https://cb.imsc.res.in/imppat/therapeuticsplants/Cystitis
"Cystitis, interstitial","https://cb.imsc.res.in/imppat/therapeuticsplants/Cystitis,%20interstitial"
Cysts,https://cb.imsc.res.in/imppat/therapeuticsplants/Cysts
"Cytopathogenic effect, viral","https://cb.imsc.res.in/imppat/therapeuticsplants/Cytopathogenic%20effect,%20viral"
Cytoprotection,https://cb.imsc.res.in/imppat/therapeuticsplants/Cytoprotection
Cytostatic agents,https://cb.imsc.res.in/imppat/therapeuticsplants/Cytostatic%20agents
Dacryocystitis,https://cb.imsc.res.in/imppat/therapeuticsplants/Dacryocystitis
Dandruff,https://cb.imsc.res.in/imppat/therapeuticsplants/Dandruff
Deafness,https://cb.imsc.res.in/imppat/therapeuticsplants/Deafness
Dehydration,https://cb.imsc.res.in/imppat/therapeuticsplants/Dehydration
Delayed puberty,https://cb.imsc.res.in/imppat/therapeuticsplants/Delayed%20puberty
Delirium,https://cb.imsc.res.in/imppat/therapeuticsplants/Delirium
Delusions,https://cb.imsc.res.in/imppat/therapeuticsplants/Delusions
Dementia,https://cb.imsc.res.in/imppat/therapeuticsplants/Dementia
Demulcents,https://cb.imsc.res.in/imppat/therapeuticsplants/Demulcents
Dengue virus,https://cb.imsc.res.in/imppat/therapeuticsplants/Dengue%20virus
Dental caries,https://cb.imsc.res.in/imppat/therapeuticsplants/Dental%20caries
Dental plaque,https://cb.imsc.res.in/imppat/therapeuticsplants/Dental%20plaque
Dentifrices,https://cb.imsc.res.in/imppat/therapeuticsplants/Dentifrices
Dentition,https://cb.imsc.res.in/imppat/therapeuticsplants/Dentition
Deobstruent,https://cb.imsc.res.in/imppat/therapeuticsplants/Deobstruent
Deodorants,https://cb.imsc.res.in/imppat/therapeuticsplants/Deodorants
Depression,https://cb.imsc.res.in/imppat/therapeuticsplants/Depression
Depressive disorder,https://cb.imsc.res.in/imppat/therapeuticsplants/Depressive%20disorder
Depurative,https://cb.imsc.res.in/imppat/therapeuticsplants/Depurative
Dermatitis,https://cb.imsc.res.in/imppat/therapeuticsplants/Dermatitis
"Dermatitis, phototoxic","https://cb.imsc.res.in/imppat/therapeuticsplants/Dermatitis,%20phototoxic"
"Dermatitis, seborrheic","https://cb.imsc.res.in/imppat/therapeuticsplants/Dermatitis,%20seborrheic"
Dermatologic agents,https://cb.imsc.res.in/imppat/therapeuticsplants/Dermatologic%20agents
Dermatomycoses,https://cb.imsc.res.in/imppat/therapeuticsplants/Dermatomycoses
Diabetes insipidus,https://cb.imsc.res.in/imppat/therapeuticsplants/Diabetes%20insipidus
Diabetes mellitus,https://cb.imsc.res.in/imppat/therapeuticsplants/Diabetes%20mellitus
"Diabetes mellitus, type 1","https://cb.imsc.res.in/imppat/therapeuticsplants/Diabetes%20mellitus,%20type%201"
Diabetic foot,https://cb.imsc.res.in/imppat/therapeuticsplants/Diabetic%20foot
Diabetic retinopathy,https://cb.imsc.res.in/imppat/therapeuticsplants/Diabetic%20retinopathy
Diaphoretic,https://cb.imsc.res.in/imppat/therapeuticsplants/Diaphoretic
Diarrhea,https://cb.imsc.res.in/imppat/therapeuticsplants/Diarrhea
"Diarrhea, infantile","https://cb.imsc.res.in/imppat/therapeuticsplants/Diarrhea,%20infantile"
"Diet, food, and nutrition","https://cb.imsc.res.in/imppat/therapeuticsplants/Diet,%20food,%20and%20nutrition"
Digestive system abnormalities,https://cb.imsc.res.in/imppat/therapeuticsplants/Digestive%20system%20abnormalities
Digestive system diseases,https://cb.imsc.res.in/imppat/therapeuticsplants/Digestive%20system%20diseases
Digitalis,https://cb.imsc.res.in/imppat/therapeuticsplants/Digitalis
Diphtheria,https://cb.imsc.res.in/imppat/therapeuticsplants/Diphtheria
Diplopia,https://cb.imsc.res.in/imppat/therapeuticsplants/Diplopia
Disease susceptibility,https://cb.imsc.res.in/imppat/therapeuticsplants/Disease%20susceptibility
Disinfectants,https://cb.imsc.res.in/imppat/therapeuticsplants/Disinfectants
Disorder of artery,https://cb.imsc.res.in/imppat/therapeuticsplants/Disorder%20of%20artery
Disorder of bone,https://cb.imsc.res.in/imppat/therapeuticsplants/Disorder%20of%20bone
Disorder of ejaculation,https://cb.imsc.res.in/imppat/therapeuticsplants/Disorder%20of%20ejaculation
Disorder of endocrine pancreas,https://cb.imsc.res.in/imppat/therapeuticsplants/Disorder%20of%20endocrine%20pancreas
Disorder of head,https://cb.imsc.res.in/imppat/therapeuticsplants/Disorder%20of%20head
Disorder of mucous membrane,https://cb.imsc.res.in/imppat/therapeuticsplants/Disorder%20of%20mucous%20membrane
Disorder of ovary,https://cb.imsc.res.in/imppat/therapeuticsplants/Disorder%20of%20ovary
Disorder of prostate,https://cb.imsc.res.in/imppat/therapeuticsplants/Disorder%20of%20prostate
Disorder of the genitourinary system,https://cb.imsc.res.in/imppat/therapeuticsplants/Disorder%20of%20the%20genitourinary%20system
Disorders of excessive somnolence,https://cb.imsc.res.in/imppat/therapeuticsplants/Disorders%20of%20excessive%20somnolence
Disturbance in speech,https://cb.imsc.res.in/imppat/therapeuticsplants/Disturbance%20in%20speech
Diuretics,https://cb.imsc.res.in/imppat/therapeuticsplants/Diuretics
Diverticulum,https://cb.imsc.res.in/imppat/therapeuticsplants/Diverticulum
Dizziness,https://cb.imsc.res.in/imppat/therapeuticsplants/Dizziness
Dopamine antagonists,https://cb.imsc.res.in/imppat/therapeuticsplants/Dopamine%20antagonists
Dracunculiasis,https://cb.imsc.res.in/imppat/therapeuticsplants/Dracunculiasis
Dry throat,https://cb.imsc.res.in/imppat/therapeuticsplants/Dry%20throat
Duodenal neoplasms,https://cb.imsc.res.in/imppat/therapeuticsplants/Duodenal%20neoplasms
Duodenal obstruction,https://cb.imsc.res.in/imppat/therapeuticsplants/Duodenal%20obstruction
Duodenitis,https://cb.imsc.res.in/imppat/therapeuticsplants/Duodenitis
Dysentery,https://cb.imsc.res.in/imppat/therapeuticsplants/Dysentery
"Dysentery, amebic","https://cb.imsc.res.in/imppat/therapeuticsplants/Dysentery,%20amebic"
Dysmenorrhea,https://cb.imsc.res.in/imppat/therapeuticsplants/Dysmenorrhea
Dyspepsia,https://cb.imsc.res.in/imppat/therapeuticsplants/Dyspepsia
Dysphonia,https://cb.imsc.res.in/imppat/therapeuticsplants/Dysphonia
Dyspnea,https://cb.imsc.res.in/imppat/therapeuticsplants/Dyspnea
Dyssomnias,https://cb.imsc.res.in/imppat/therapeuticsplants/Dyssomnias
Dystocia,https://cb.imsc.res.in/imppat/therapeuticsplants/Dystocia
Dysuria,https://cb.imsc.res.in/imppat/therapeuticsplants/Dysuria
Ear diseases,https://cb.imsc.res.in/imppat/therapeuticsplants/Ear%20diseases
Earache,https://cb.imsc.res.in/imppat/therapeuticsplants/Earache
Eclampsia,https://cb.imsc.res.in/imppat/therapeuticsplants/Eclampsia
Eczema,https://cb.imsc.res.in/imppat/therapeuticsplants/Eczema
Edema,https://cb.imsc.res.in/imppat/therapeuticsplants/Edema
Effects on central nervous system,https://cb.imsc.res.in/imppat/therapeuticsplants/Effects%20on%20central%20nervous%20system
Elephantiasis,https://cb.imsc.res.in/imppat/therapeuticsplants/Elephantiasis
Emaciation,https://cb.imsc.res.in/imppat/therapeuticsplants/Emaciation
Emetics,https://cb.imsc.res.in/imppat/therapeuticsplants/Emetics
Emollients,https://cb.imsc.res.in/imppat/therapeuticsplants/Emollients
Emphysema,https://cb.imsc.res.in/imppat/therapeuticsplants/Emphysema
Empyema,https://cb.imsc.res.in/imppat/therapeuticsplants/Empyema
Encephalitis,https://cb.imsc.res.in/imppat/therapeuticsplants/Encephalitis
Encephalomyocarditis virus,https://cb.imsc.res.in/imppat/therapeuticsplants/Encephalomyocarditis%20virus
Endocrine system diseases,https://cb.imsc.res.in/imppat/therapeuticsplants/Endocrine%20system%20diseases
Endophthalmitis,https://cb.imsc.res.in/imppat/therapeuticsplants/Endophthalmitis
Enema,https://cb.imsc.res.in/imppat/therapeuticsplants/Enema
Enteritis,https://cb.imsc.res.in/imppat/therapeuticsplants/Enteritis
Enterobius,https://cb.imsc.res.in/imppat/therapeuticsplants/Enterobius
Enuresis,https://cb.imsc.res.in/imppat/therapeuticsplants/Enuresis
Enzyme activators,https://cb.imsc.res.in/imppat/therapeuticsplants/Enzyme%20activators
"Ephemeral fever virus, bovine","https://cb.imsc.res.in/imppat/therapeuticsplants/Ephemeral%20fever%20virus,%20bovine"
Epididymitis,https://cb.imsc.res.in/imppat/therapeuticsplants/Epididymitis
Epilepsy,https://cb.imsc.res.in/imppat/therapeuticsplants/Epilepsy
"Epilepsy, absence","https://cb.imsc.res.in/imppat/therapeuticsplants/Epilepsy,%20absence"
"Epilepsy, generalized","https://cb.imsc.res.in/imppat/therapeuticsplants/Epilepsy,%20generalized"
Epistaxis,https://cb.imsc.res.in/imppat/therapeuticsplants/Epistaxis
Erectile dysfunction,https://cb.imsc.res.in/imppat/therapeuticsplants/Erectile%20dysfunction
Eructation,https://cb.imsc.res.in/imppat/therapeuticsplants/Eructation
Erysipelas,https://cb.imsc.res.in/imppat/therapeuticsplants/Erysipelas
Erythema,https://cb.imsc.res.in/imppat/therapeuticsplants/Erythema
Erythrocyte aggregation,https://cb.imsc.res.in/imppat/therapeuticsplants/Erythrocyte%20aggregation
Esophageal neoplasms,https://cb.imsc.res.in/imppat/therapeuticsplants/Esophageal%20neoplasms
Esophagitis,https://cb.imsc.res.in/imppat/therapeuticsplants/Esophagitis
Estrogen receptor modulators,https://cb.imsc.res.in/imppat/therapeuticsplants/Estrogen%20receptor%20modulators
Estrous cycle,https://cb.imsc.res.in/imppat/therapeuticsplants/Estrous%20cycle
Estrus,https://cb.imsc.res.in/imppat/therapeuticsplants/Estrus
Exanthema,https://cb.imsc.res.in/imppat/therapeuticsplants/Exanthema
Expectorants,https://cb.imsc.res.in/imppat/therapeuticsplants/Expectorants
Exudates and transudates,https://cb.imsc.res.in/imppat/therapeuticsplants/Exudates%20and%20transudates
Eye burn,https://cb.imsc.res.in/imppat/therapeuticsplants/Eye%20burn
Eye diseases,https://cb.imsc.res.in/imppat/therapeuticsplants/Eye%20diseases
Eye drops,https://cb.imsc.res.in/imppat/therapeuticsplants/Eye%20drops
Eye infections,https://cb.imsc.res.in/imppat/therapeuticsplants/Eye%20infections
Eye injuries,https://cb.imsc.res.in/imppat/therapeuticsplants/Eye%20injuries
Eye pain,https://cb.imsc.res.in/imppat/therapeuticsplants/Eye%20pain
Eyelid diseases,https://cb.imsc.res.in/imppat/therapeuticsplants/Eyelid%20diseases
Facial paralysis,https://cb.imsc.res.in/imppat/therapeuticsplants/Facial%20paralysis
Familial mediterranean fever,https://cb.imsc.res.in/imppat/therapeuticsplants/Familial%20mediterranean%20fever
Fatigue,https://cb.imsc.res.in/imppat/therapeuticsplants/Fatigue
"Fatigue syndrome, chronic","https://cb.imsc.res.in/imppat/therapeuticsplants/Fatigue%20syndrome,%20chronic"
Female urogenital diseases,https://cb.imsc.res.in/imppat/therapeuticsplants/Female%20urogenital%20diseases
Fertility agents,https://cb.imsc.res.in/imppat/therapeuticsplants/Fertility%20agents
"Fertility agents, female","https://cb.imsc.res.in/imppat/therapeuticsplants/Fertility%20agents,%20female"
Fetal growth retardation,https://cb.imsc.res.in/imppat/therapeuticsplants/Fetal%20growth%20retardation
Fever,https://cb.imsc.res.in/imppat/therapeuticsplants/Fever
Fibrinolysis,https://cb.imsc.res.in/imppat/therapeuticsplants/Fibrinolysis
Fibrinolytic agents,https://cb.imsc.res.in/imppat/therapeuticsplants/Fibrinolytic%20agents
Fibromyalgia,https://cb.imsc.res.in/imppat/therapeuticsplants/Fibromyalgia
Fibrosarcoma,https://cb.imsc.res.in/imppat/therapeuticsplants/Fibrosarcoma
Fibrosis,https://cb.imsc.res.in/imppat/therapeuticsplants/Fibrosis
Filariasis,https://cb.imsc.res.in/imppat/therapeuticsplants/Filariasis
"Fishes, poisonous","https://cb.imsc.res.in/imppat/therapeuticsplants/Fishes,%20poisonous"
Fissure,https://cb.imsc.res.in/imppat/therapeuticsplants/Fissure
Fissure in ano,https://cb.imsc.res.in/imppat/therapeuticsplants/Fissure%20in%20ano
Fissure of nipple,https://cb.imsc.res.in/imppat/therapeuticsplants/Fissure%20of%20nipple
Fistula,https://cb.imsc.res.in/imppat/therapeuticsplants/Fistula
Flatulence,https://cb.imsc.res.in/imppat/therapeuticsplants/Flatulence
Flea infestations,https://cb.imsc.res.in/imppat/therapeuticsplants/Flea%20infestations
Food hypersensitivity,https://cb.imsc.res.in/imppat/therapeuticsplants/Food%20hypersensitivity
Foodborne diseases,https://cb.imsc.res.in/imppat/therapeuticsplants/Foodborne%20diseases
Foot ulcer,https://cb.imsc.res.in/imppat/therapeuticsplants/Foot%20ulcer
"Fractures, bone","https://cb.imsc.res.in/imppat/therapeuticsplants/Fractures,%20bone"
Freckles,https://cb.imsc.res.in/imppat/therapeuticsplants/Freckles
Free radical scavengers,https://cb.imsc.res.in/imppat/therapeuticsplants/Free%20radical%20scavengers
Frostbite,https://cb.imsc.res.in/imppat/therapeuticsplants/Frostbite
Frustration,https://cb.imsc.res.in/imppat/therapeuticsplants/Frustration
Furunculosis,https://cb.imsc.res.in/imppat/therapeuticsplants/Furunculosis
Galactogogues,https://cb.imsc.res.in/imppat/therapeuticsplants/Galactogogues
Galactorrhea,https://cb.imsc.res.in/imppat/therapeuticsplants/Galactorrhea
Gallbladder diseases,https://cb.imsc.res.in/imppat/therapeuticsplants/Gallbladder%20diseases
Gallbladder emptying,https://cb.imsc.res.in/imppat/therapeuticsplants/Gallbladder%20emptying
Gallstones,https://cb.imsc.res.in/imppat/therapeuticsplants/Gallstones
Ganglionic blockers,https://cb.imsc.res.in/imppat/therapeuticsplants/Ganglionic%20blockers
Gangrene,https://cb.imsc.res.in/imppat/therapeuticsplants/Gangrene
Gastric acid,https://cb.imsc.res.in/imppat/therapeuticsplants/Gastric%20acid
Gastric emptying,https://cb.imsc.res.in/imppat/therapeuticsplants/Gastric%20emptying
Gastric mucosa,https://cb.imsc.res.in/imppat/therapeuticsplants/Gastric%20mucosa
Gastritis,https://cb.imsc.res.in/imppat/therapeuticsplants/Gastritis
Gastroenteritis,https://cb.imsc.res.in/imppat/therapeuticsplants/Gastroenteritis
Gastrointestinal agents,https://cb.imsc.res.in/imppat/therapeuticsplants/Gastrointestinal%20agents
Gastrointestinal diseases,https://cb.imsc.res.in/imppat/therapeuticsplants/Gastrointestinal%20diseases
Gastrointestinal hemorrhage,https://cb.imsc.res.in/imppat/therapeuticsplants/Gastrointestinal%20hemorrhage
Gastrointestinal motility,https://cb.imsc.res.in/imppat/therapeuticsplants/Gastrointestinal%20motility
Gastrointestinal neoplasms,https://cb.imsc.res.in/imppat/therapeuticsplants/Gastrointestinal%20neoplasms
Gastrointestinal tract,https://cb.imsc.res.in/imppat/therapeuticsplants/Gastrointestinal%20tract
Gastroparesis,https://cb.imsc.res.in/imppat/therapeuticsplants/Gastroparesis
Gastropoda,https://cb.imsc.res.in/imppat/therapeuticsplants/Gastropoda
Gastroschisis,https://cb.imsc.res.in/imppat/therapeuticsplants/Gastroschisis
General tonic for rejuvenation,https://cb.imsc.res.in/imppat/therapeuticsplants/General%20tonic%20for%20rejuvenation
"Genital diseases, female","https://cb.imsc.res.in/imppat/therapeuticsplants/Genital%20diseases,%20female"
Genital infection,https://cb.imsc.res.in/imppat/therapeuticsplants/Genital%20infection
Giardia,https://cb.imsc.res.in/imppat/therapeuticsplants/Giardia
Gingival hemorrhage,https://cb.imsc.res.in/imppat/therapeuticsplants/Gingival%20hemorrhage
Gingivitis,https://cb.imsc.res.in/imppat/therapeuticsplants/Gingivitis
"Gingivitis, necrotizing ulcerative","https://cb.imsc.res.in/imppat/therapeuticsplants/Gingivitis,%20necrotizing%20ulcerative"
Glaucoma,https://cb.imsc.res.in/imppat/therapeuticsplants/Glaucoma
Glioma,https://cb.imsc.res.in/imppat/therapeuticsplants/Glioma
Glossitis,https://cb.imsc.res.in/imppat/therapeuticsplants/Glossitis
Glycosuria,https://cb.imsc.res.in/imppat/therapeuticsplants/Glycosuria
Goiter,https://cb.imsc.res.in/imppat/therapeuticsplants/Goiter
"Goiter, nodular","https://cb.imsc.res.in/imppat/therapeuticsplants/Goiter,%20nodular"
Gonadotropins,https://cb.imsc.res.in/imppat/therapeuticsplants/Gonadotropins
Gonorrhea,https://cb.imsc.res.in/imppat/therapeuticsplants/Gonorrhea
Gout,https://cb.imsc.res.in/imppat/therapeuticsplants/Gout
Granuloma,https://cb.imsc.res.in/imppat/therapeuticsplants/Granuloma
Graves ophthalmopathy,https://cb.imsc.res.in/imppat/therapeuticsplants/Graves%20ophthalmopathy
Hair diseases,https://cb.imsc.res.in/imppat/therapeuticsplants/Hair%20diseases
Hair dyes,https://cb.imsc.res.in/imppat/therapeuticsplants/Hair%20dyes
Hair loss,https://cb.imsc.res.in/imppat/therapeuticsplants/Hair%20loss
Hair preparations,https://cb.imsc.res.in/imppat/therapeuticsplants/Hair%20preparations
Halitosis,https://cb.imsc.res.in/imppat/therapeuticsplants/Halitosis
Hallucinations,https://cb.imsc.res.in/imppat/therapeuticsplants/Hallucinations
Hallucinogens,https://cb.imsc.res.in/imppat/therapeuticsplants/Hallucinogens
Headache,https://cb.imsc.res.in/imppat/therapeuticsplants/Headache
Hearing disorders,https://cb.imsc.res.in/imppat/therapeuticsplants/Hearing%20disorders
Heart diseases,https://cb.imsc.res.in/imppat/therapeuticsplants/Heart%20diseases
Heart rate,https://cb.imsc.res.in/imppat/therapeuticsplants/Heart%20rate
Heart valve diseases,https://cb.imsc.res.in/imppat/therapeuticsplants/Heart%20valve%20diseases
Heartburn,https://cb.imsc.res.in/imppat/therapeuticsplants/Heartburn
Heat stroke,https://cb.imsc.res.in/imppat/therapeuticsplants/Heat%20stroke
Helminthiasis,https://cb.imsc.res.in/imppat/therapeuticsplants/Helminthiasis
Hemagglutination,https://cb.imsc.res.in/imppat/therapeuticsplants/Hemagglutination
Hematemesis,https://cb.imsc.res.in/imppat/therapeuticsplants/Hematemesis
Hematinics,https://cb.imsc.res.in/imppat/therapeuticsplants/Hematinics
Hematologic diseases,https://cb.imsc.res.in/imppat/therapeuticsplants/Hematologic%20diseases
Hematoma,https://cb.imsc.res.in/imppat/therapeuticsplants/Hematoma
Hematuria,https://cb.imsc.res.in/imppat/therapeuticsplants/Hematuria
Hemiplegia,https://cb.imsc.res.in/imppat/therapeuticsplants/Hemiplegia
Hemoglobins,https://cb.imsc.res.in/imppat/therapeuticsplants/Hemoglobins
Hemolysis,https://cb.imsc.res.in/imppat/therapeuticsplants/Hemolysis
Hemophilia a,https://cb.imsc.res.in/imppat/therapeuticsplants/Hemophilia%20a
Hemoptysis,https://cb.imsc.res.in/imppat/therapeuticsplants/Hemoptysis
Hemorrhage,https://cb.imsc.res.in/imppat/therapeuticsplants/Hemorrhage
Hemorrhagic stroke,https://cb.imsc.res.in/imppat/therapeuticsplants/Hemorrhagic%20stroke
Hemorrhoids,https://cb.imsc.res.in/imppat/therapeuticsplants/Hemorrhoids
Hemostasis,https://cb.imsc.res.in/imppat/therapeuticsplants/Hemostasis
Hemostatics,https://cb.imsc.res.in/imppat/therapeuticsplants/Hemostatics
Hepatic veno-occlusive disease,https://cb.imsc.res.in/imppat/therapeuticsplants/Hepatic%20veno-occlusive%20disease
Hepatitis,https://cb.imsc.res.in/imppat/therapeuticsplants/Hepatitis
Hepatitis b,https://cb.imsc.res.in/imppat/therapeuticsplants/Hepatitis%20b
"Hepatitis, viral, human","https://cb.imsc.res.in/imppat/therapeuticsplants/Hepatitis,%20viral,%20human"
Hepatomegaly,https://cb.imsc.res.in/imppat/therapeuticsplants/Hepatomegaly
Hernia,https://cb.imsc.res.in/imppat/therapeuticsplants/Hernia
"Hernia, hiatal","https://cb.imsc.res.in/imppat/therapeuticsplants/Hernia,%20hiatal"
Herpes labialis,https://cb.imsc.res.in/imppat/therapeuticsplants/Herpes%20labialis
Herpes simplex,https://cb.imsc.res.in/imppat/therapeuticsplants/Herpes%20simplex
Herpes zoster,https://cb.imsc.res.in/imppat/therapeuticsplants/Herpes%20zoster
"Herpesvirus 1, human","https://cb.imsc.res.in/imppat/therapeuticsplants/Herpesvirus%201,%20human"
"Herpesvirus 2, bovine","https://cb.imsc.res.in/imppat/therapeuticsplants/Herpesvirus%202,%20bovine"
"Herpesvirus 2, human","https://cb.imsc.res.in/imppat/therapeuticsplants/Herpesvirus%202,%20human"
"Herpesvirus 4, human","https://cb.imsc.res.in/imppat/therapeuticsplants/Herpesvirus%204,%20human"
Hiccup,https://cb.imsc.res.in/imppat/therapeuticsplants/Hiccup
Histamine antagonists,https://cb.imsc.res.in/imppat/therapeuticsplants/Histamine%20antagonists
Histamine release,https://cb.imsc.res.in/imppat/therapeuticsplants/Histamine%20release
HIV infections,https://cb.imsc.res.in/imppat/therapeuticsplants/HIV%20infections
HIV integrase inhibitors,https://cb.imsc.res.in/imppat/therapeuticsplants/HIV%20integrase%20inhibitors
HIV-1,https://cb.imsc.res.in/imppat/therapeuticsplants/HIV-1
Hoarseness,https://cb.imsc.res.in/imppat/therapeuticsplants/Hoarseness
Hodgkin disease,https://cb.imsc.res.in/imppat/therapeuticsplants/Hodgkin%20disease
Hookworm infections,https://cb.imsc.res.in/imppat/therapeuticsplants/Hookworm%20infections
Hydrocele,https://cb.imsc.res.in/imppat/therapeuticsplants/Hydrocele
Hydrocephalus,https://cb.imsc.res.in/imppat/therapeuticsplants/Hydrocephalus
Hygroscopic agents,https://cb.imsc.res.in/imppat/therapeuticsplants/Hygroscopic%20agents
Hymenolepiasis,https://cb.imsc.res.in/imppat/therapeuticsplants/Hymenolepiasis
Hyperbilirubinemia,https://cb.imsc.res.in/imppat/therapeuticsplants/Hyperbilirubinemia
Hypercholesterolemia,https://cb.imsc.res.in/imppat/therapeuticsplants/Hypercholesterolemia
Hyperemia,https://cb.imsc.res.in/imppat/therapeuticsplants/Hyperemia
Hyperglycemia,https://cb.imsc.res.in/imppat/therapeuticsplants/Hyperglycemia
Hypergonadism,https://cb.imsc.res.in/imppat/therapeuticsplants/Hypergonadism
Hyperhidrosis,https://cb.imsc.res.in/imppat/therapeuticsplants/Hyperhidrosis
Hyperhomocysteinemia,https://cb.imsc.res.in/imppat/therapeuticsplants/Hyperhomocysteinemia
Hyperlipidemias,https://cb.imsc.res.in/imppat/therapeuticsplants/Hyperlipidemias
Hyperlipoproteinemia type ii,https://cb.imsc.res.in/imppat/therapeuticsplants/Hyperlipoproteinemia%20type%20ii
Hyperoxaluria,https://cb.imsc.res.in/imppat/therapeuticsplants/Hyperoxaluria
Hyperpigmentation,https://cb.imsc.res.in/imppat/therapeuticsplants/Hyperpigmentation
Hyperprolactinemia,https://cb.imsc.res.in/imppat/therapeuticsplants/Hyperprolactinemia
Hypersensitivity,https://cb.imsc.res.in/imppat/therapeuticsplants/Hypersensitivity
Hypertension,https://cb.imsc.res.in/imppat/therapeuticsplants/Hypertension
Hypertrophy,https://cb.imsc.res.in/imppat/therapeuticsplants/Hypertrophy
Hypnosis,https://cb.imsc.res.in/imppat/therapeuticsplants/Hypnosis
Hypnotics and sedatives,https://cb.imsc.res.in/imppat/therapeuticsplants/Hypnotics%20and%20sedatives
Hypochondriasis,https://cb.imsc.res.in/imppat/therapeuticsplants/Hypochondriasis
Hypoglycemia,https://cb.imsc.res.in/imppat/therapeuticsplants/Hypoglycemia
Hypoglycemic agents,https://cb.imsc.res.in/imppat/therapeuticsplants/Hypoglycemic%20agents
Hypogonadism,https://cb.imsc.res.in/imppat/therapeuticsplants/Hypogonadism
Hypohidrosis,https://cb.imsc.res.in/imppat/therapeuticsplants/Hypohidrosis
Hypokalemia,https://cb.imsc.res.in/imppat/therapeuticsplants/Hypokalemia
Hypolipidemic agents,https://cb.imsc.res.in/imppat/therapeuticsplants/Hypolipidemic%20agents
Hypomenorrhea,https://cb.imsc.res.in/imppat/therapeuticsplants/Hypomenorrhea
Hypophosphatemia,https://cb.imsc.res.in/imppat/therapeuticsplants/Hypophosphatemia
"Hypophosphatemia, familial","https://cb.imsc.res.in/imppat/therapeuticsplants/Hypophosphatemia,%20familial"
Hypoproteinemia,https://cb.imsc.res.in/imppat/therapeuticsplants/Hypoproteinemia
Hypotension,https://cb.imsc.res.in/imppat/therapeuticsplants/Hypotension
Hypothermia,https://cb.imsc.res.in/imppat/therapeuticsplants/Hypothermia
Hypoxia,https://cb.imsc.res.in/imppat/therapeuticsplants/Hypoxia
Hysteria,https://cb.imsc.res.in/imppat/therapeuticsplants/Hysteria
Ichthyosis,https://cb.imsc.res.in/imppat/therapeuticsplants/Ichthyosis
Immunomodulation,https://cb.imsc.res.in/imppat/therapeuticsplants/Immunomodulation
Immunostimulant,https://cb.imsc.res.in/imppat/therapeuticsplants/Immunostimulant
Immunosuppressive agents,https://cb.imsc.res.in/imppat/therapeuticsplants/Immunosuppressive%20agents
Impetigo,https://cb.imsc.res.in/imppat/therapeuticsplants/Impetigo
Improve blood circulation,https://cb.imsc.res.in/imppat/therapeuticsplants/Improve%20blood%20circulation
Increase leukocytes,https://cb.imsc.res.in/imppat/therapeuticsplants/Increase%20leukocytes
"Increase lipoproteins, hdl","https://cb.imsc.res.in/imppat/therapeuticsplants/Increase%20lipoproteins,%20hdl"
"Increase physical endurance, strength and stamina","https://cb.imsc.res.in/imppat/therapeuticsplants/Increase%20physical%20endurance,%20strength%20and%20stamina"
Increased lactation,https://cb.imsc.res.in/imppat/therapeuticsplants/Increased%20lactation
Induration,https://cb.imsc.res.in/imppat/therapeuticsplants/Induration
Infection,https://cb.imsc.res.in/imppat/therapeuticsplants/Infection
Infection caused by algae,https://cb.imsc.res.in/imppat/therapeuticsplants/Infection%20caused%20by%20algae
Infertility,https://cb.imsc.res.in/imppat/therapeuticsplants/Infertility
"Infertility, female","https://cb.imsc.res.in/imppat/therapeuticsplants/Infertility,%20female"
"Infertility, male","https://cb.imsc.res.in/imppat/therapeuticsplants/Infertility,%20male"
Inflammation,https://cb.imsc.res.in/imppat/therapeuticsplants/Inflammation
Inflammatory bowel diseases,https://cb.imsc.res.in/imppat/therapeuticsplants/Inflammatory%20bowel%20diseases
Influenza a virus,https://cb.imsc.res.in/imppat/therapeuticsplants/Influenza%20a%20virus
Influenza b virus,https://cb.imsc.res.in/imppat/therapeuticsplants/Influenza%20b%20virus
"Influenza, human","https://cb.imsc.res.in/imppat/therapeuticsplants/Influenza,%20human"
Inhalation,https://cb.imsc.res.in/imppat/therapeuticsplants/Inhalation
Inhibit mycelium,https://cb.imsc.res.in/imppat/therapeuticsplants/Inhibit%20mycelium
Injury of head,https://cb.imsc.res.in/imppat/therapeuticsplants/Injury%20of%20head
Injury of urinary tract,https://cb.imsc.res.in/imppat/therapeuticsplants/Injury%20of%20urinary%20tract
Insect bites and stings,https://cb.imsc.res.in/imppat/therapeuticsplants/Insect%20bites%20and%20stings
Insect repellents,https://cb.imsc.res.in/imppat/therapeuticsplants/Insect%20repellents
Insecticides,https://cb.imsc.res.in/imppat/therapeuticsplants/Insecticides
Insulin regulation,https://cb.imsc.res.in/imppat/therapeuticsplants/Insulin%20regulation
Intestinal diseases,https://cb.imsc.res.in/imppat/therapeuticsplants/Intestinal%20diseases
"Intestinal diseases, parasitic","https://cb.imsc.res.in/imppat/therapeuticsplants/Intestinal%20diseases,%20parasitic"
Intestinal secretions,https://cb.imsc.res.in/imppat/therapeuticsplants/Intestinal%20secretions
Ipecac,https://cb.imsc.res.in/imppat/therapeuticsplants/Ipecac
Irritable bowel syndrome,https://cb.imsc.res.in/imppat/therapeuticsplants/Irritable%20bowel%20syndrome
Irritant,https://cb.imsc.res.in/imppat/therapeuticsplants/Irritant
Ischemia,https://cb.imsc.res.in/imppat/therapeuticsplants/Ischemia
Jaundice,https://cb.imsc.res.in/imppat/therapeuticsplants/Jaundice
Joint diseases,https://cb.imsc.res.in/imppat/therapeuticsplants/Joint%20diseases
Joint dislocations,https://cb.imsc.res.in/imppat/therapeuticsplants/Joint%20dislocations
Jugular veins,https://cb.imsc.res.in/imppat/therapeuticsplants/Jugular%20veins
"Keratitis, herpetic","https://cb.imsc.res.in/imppat/therapeuticsplants/Keratitis,%20herpetic"
Keratolytic agents,https://cb.imsc.res.in/imppat/therapeuticsplants/Keratolytic%20agents
Kidney calculi,https://cb.imsc.res.in/imppat/therapeuticsplants/Kidney%20calculi
Kidney diseases,https://cb.imsc.res.in/imppat/therapeuticsplants/Kidney%20diseases
Labor pain,https://cb.imsc.res.in/imppat/therapeuticsplants/Labor%20pain
Lacerations,https://cb.imsc.res.in/imppat/therapeuticsplants/Lacerations
Lacrimal apparatus diseases,https://cb.imsc.res.in/imppat/therapeuticsplants/Lacrimal%20apparatus%20diseases
Lactation,https://cb.imsc.res.in/imppat/therapeuticsplants/Lactation
Lactation disorders,https://cb.imsc.res.in/imppat/therapeuticsplants/Lactation%20disorders
Laryngeal diseases,https://cb.imsc.res.in/imppat/therapeuticsplants/Laryngeal%20diseases
Laryngitis,https://cb.imsc.res.in/imppat/therapeuticsplants/Laryngitis
Laxatives,https://cb.imsc.res.in/imppat/therapeuticsplants/Laxatives
Leech infestation,https://cb.imsc.res.in/imppat/therapeuticsplants/Leech%20infestation
Leg injuries,https://cb.imsc.res.in/imppat/therapeuticsplants/Leg%20injuries
Leishmaniasis,https://cb.imsc.res.in/imppat/therapeuticsplants/Leishmaniasis
"Leishmaniasis, cutaneous","https://cb.imsc.res.in/imppat/therapeuticsplants/Leishmaniasis,%20cutaneous"
"Leishmaniasis, visceral","https://cb.imsc.res.in/imppat/therapeuticsplants/Leishmaniasis,%20visceral"
Leprosy,https://cb.imsc.res.in/imppat/therapeuticsplants/Leprosy
"Leprosy, lepromatous","https://cb.imsc.res.in/imppat/therapeuticsplants/Leprosy,%20lepromatous"
Leukemia,https://cb.imsc.res.in/imppat/therapeuticsplants/Leukemia
"Leukemia, lymphoid","https://cb.imsc.res.in/imppat/therapeuticsplants/Leukemia,%20lymphoid"
Leukorrhea,https://cb.imsc.res.in/imppat/therapeuticsplants/Leukorrhea
Libido control,https://cb.imsc.res.in/imppat/therapeuticsplants/Libido%20control
Lice infestations,https://cb.imsc.res.in/imppat/therapeuticsplants/Lice%20infestations
Lip diseases,https://cb.imsc.res.in/imppat/therapeuticsplants/Lip%20diseases
Lip neoplasms,https://cb.imsc.res.in/imppat/therapeuticsplants/Lip%20neoplasms
Lipid metabolism disorders,https://cb.imsc.res.in/imppat/therapeuticsplants/Lipid%20metabolism%20disorders
Lipid peroxidation,https://cb.imsc.res.in/imppat/therapeuticsplants/Lipid%20peroxidation
"Lipoproteins, ldl","https://cb.imsc.res.in/imppat/therapeuticsplants/Lipoproteins,%20ldl"
Lithiasis,https://cb.imsc.res.in/imppat/therapeuticsplants/Lithiasis
Liver cirrhosis,https://cb.imsc.res.in/imppat/therapeuticsplants/Liver%20cirrhosis
Liver diseases,https://cb.imsc.res.in/imppat/therapeuticsplants/Liver%20diseases
Liver failure,https://cb.imsc.res.in/imppat/therapeuticsplants/Liver%20failure
Liver injury,https://cb.imsc.res.in/imppat/therapeuticsplants/Liver%20injury
Liver neoplasms,https://cb.imsc.res.in/imppat/therapeuticsplants/Liver%20neoplasms
Locomotion,https://cb.imsc.res.in/imppat/therapeuticsplants/Locomotion
Low back pain,https://cb.imsc.res.in/imppat/therapeuticsplants/Low%20back%20pain
Lung abscess,https://cb.imsc.res.in/imppat/therapeuticsplants/Lung%20abscess
Lung diseases,https://cb.imsc.res.in/imppat/therapeuticsplants/Lung%20diseases
Lung neoplasms,https://cb.imsc.res.in/imppat/therapeuticsplants/Lung%20neoplasms
"Lupus erythematosus, systemic","https://cb.imsc.res.in/imppat/therapeuticsplants/Lupus%20erythematosus,%20systemic"
Luteolytic agents,https://cb.imsc.res.in/imppat/therapeuticsplants/Luteolytic%20agents
Lymphadenitis,https://cb.imsc.res.in/imppat/therapeuticsplants/Lymphadenitis
Lymphadenopathy,https://cb.imsc.res.in/imppat/therapeuticsplants/Lymphadenopathy
Lymphatic diseases,https://cb.imsc.res.in/imppat/therapeuticsplants/Lymphatic%20diseases
Lymphedema,https://cb.imsc.res.in/imppat/therapeuticsplants/Lymphedema
Lymphoma,https://cb.imsc.res.in/imppat/therapeuticsplants/Lymphoma
"Lymphoma, non-hodgkin","https://cb.imsc.res.in/imppat/therapeuticsplants/Lymphoma,%20non-hodgkin"
Maize streak virus,https://cb.imsc.res.in/imppat/therapeuticsplants/Maize%20streak%20virus
Malabsorption syndromes,https://cb.imsc.res.in/imppat/therapeuticsplants/Malabsorption%20syndromes
Malaria,https://cb.imsc.res.in/imppat/therapeuticsplants/Malaria
Malignant catarrh,https://cb.imsc.res.in/imppat/therapeuticsplants/Malignant%20catarrh
Malnutrition,https://cb.imsc.res.in/imppat/therapeuticsplants/Malnutrition
"Mammary glands, human","https://cb.imsc.res.in/imppat/therapeuticsplants/Mammary%20glands,%20human"
Massive hepatic necrosis,https://cb.imsc.res.in/imppat/therapeuticsplants/Massive%20hepatic%20necrosis
Mastitis,https://cb.imsc.res.in/imppat/therapeuticsplants/Mastitis
"Mastitis, bovine","https://cb.imsc.res.in/imppat/therapeuticsplants/Mastitis,%20bovine"
Mastodynia,https://cb.imsc.res.in/imppat/therapeuticsplants/Mastodynia
Measles,https://cb.imsc.res.in/imppat/therapeuticsplants/Measles
Measles virus,https://cb.imsc.res.in/imppat/therapeuticsplants/Measles%20virus
Melanoma,https://cb.imsc.res.in/imppat/therapeuticsplants/Melanoma
Melena,https://cb.imsc.res.in/imppat/therapeuticsplants/Melena
Memory disorders,https://cb.imsc.res.in/imppat/therapeuticsplants/Memory%20disorders
Meniere disease,https://cb.imsc.res.in/imppat/therapeuticsplants/Meniere%20disease
Meningitis,https://cb.imsc.res.in/imppat/therapeuticsplants/Meningitis
"Meningitis, cryptococcal","https://cb.imsc.res.in/imppat/therapeuticsplants/Meningitis,%20cryptococcal"
Menopause,https://cb.imsc.res.in/imppat/therapeuticsplants/Menopause
Menorrhagia,https://cb.imsc.res.in/imppat/therapeuticsplants/Menorrhagia
Menstrual cycle,https://cb.imsc.res.in/imppat/therapeuticsplants/Menstrual%20cycle
Menstruation,https://cb.imsc.res.in/imppat/therapeuticsplants/Menstruation
Menstruation disturbances,https://cb.imsc.res.in/imppat/therapeuticsplants/Menstruation%20disturbances
Menstruation-inducing agents,https://cb.imsc.res.in/imppat/therapeuticsplants/Menstruation-inducing%20agents
Mental disorders,https://cb.imsc.res.in/imppat/therapeuticsplants/Mental%20disorders
Metabolic disease,https://cb.imsc.res.in/imppat/therapeuticsplants/Metabolic%20disease
Metabolism,https://cb.imsc.res.in/imppat/therapeuticsplants/Metabolism
Metrorrhagia,https://cb.imsc.res.in/imppat/therapeuticsplants/Metrorrhagia
Microfilariae,https://cb.imsc.res.in/imppat/therapeuticsplants/Microfilariae
Migraine disorders,https://cb.imsc.res.in/imppat/therapeuticsplants/Migraine%20disorders
Miliaria,https://cb.imsc.res.in/imppat/therapeuticsplants/Miliaria
Milk hypersensitivity,https://cb.imsc.res.in/imppat/therapeuticsplants/Milk%20hypersensitivity
Miosis,https://cb.imsc.res.in/imppat/therapeuticsplants/Miosis
Mites,https://cb.imsc.res.in/imppat/therapeuticsplants/Mites
Mitogens,https://cb.imsc.res.in/imppat/therapeuticsplants/Mitogens
Molluscacides,https://cb.imsc.res.in/imppat/therapeuticsplants/Molluscacides
Mosaic viruses,https://cb.imsc.res.in/imppat/therapeuticsplants/Mosaic%20viruses
Mosquito control,https://cb.imsc.res.in/imppat/therapeuticsplants/Mosquito%20control
Motion sickness,https://cb.imsc.res.in/imppat/therapeuticsplants/Motion%20sickness
Mouth diseases,https://cb.imsc.res.in/imppat/therapeuticsplants/Mouth%20diseases
Mouth neoplasms,https://cb.imsc.res.in/imppat/therapeuticsplants/Mouth%20neoplasms
Mouthwashes,https://cb.imsc.res.in/imppat/therapeuticsplants/Mouthwashes
Movement disorder,https://cb.imsc.res.in/imppat/therapeuticsplants/Movement%20disorder
Mucus discharge,https://cb.imsc.res.in/imppat/therapeuticsplants/Mucus%20discharge
Mucus in stool,https://cb.imsc.res.in/imppat/therapeuticsplants/Mucus%20in%20stool
Mucus in urine,https://cb.imsc.res.in/imppat/therapeuticsplants/Mucus%20in%20urine
Mumps,https://cb.imsc.res.in/imppat/therapeuticsplants/Mumps
Muscle contraction,https://cb.imsc.res.in/imppat/therapeuticsplants/Muscle%20contraction
Muscle cramp,https://cb.imsc.res.in/imppat/therapeuticsplants/Muscle%20cramp
Muscle development,https://cb.imsc.res.in/imppat/therapeuticsplants/Muscle%20development
Muscle fatigue,https://cb.imsc.res.in/imppat/therapeuticsplants/Muscle%20fatigue
Muscle relaxation,https://cb.imsc.res.in/imppat/therapeuticsplants/Muscle%20relaxation
Muscle rigidity,https://cb.imsc.res.in/imppat/therapeuticsplants/Muscle%20rigidity
Muscle strength,https://cb.imsc.res.in/imppat/therapeuticsplants/Muscle%20strength
Muscle weakness,https://cb.imsc.res.in/imppat/therapeuticsplants/Muscle%20weakness
"Muscle, skeletal","https://cb.imsc.res.in/imppat/therapeuticsplants/Muscle,%20skeletal"
Muscular diseases,https://cb.imsc.res.in/imppat/therapeuticsplants/Muscular%20diseases
Muscular dystrophies,https://cb.imsc.res.in/imppat/therapeuticsplants/Muscular%20dystrophies
Muscular injury,https://cb.imsc.res.in/imppat/therapeuticsplants/Muscular%20injury
Musculoskeletal diseases,https://cb.imsc.res.in/imppat/therapeuticsplants/Musculoskeletal%20diseases
Musculoskeletal pain,https://cb.imsc.res.in/imppat/therapeuticsplants/Musculoskeletal%20pain
Myalgia,https://cb.imsc.res.in/imppat/therapeuticsplants/Myalgia
Myasthenia gravis,https://cb.imsc.res.in/imppat/therapeuticsplants/Myasthenia%20gravis
Mycoses,https://cb.imsc.res.in/imppat/therapeuticsplants/Mycoses
Mycotoxicosis,https://cb.imsc.res.in/imppat/therapeuticsplants/Mycotoxicosis
Mydriasis,https://cb.imsc.res.in/imppat/therapeuticsplants/Mydriasis
Mydriatics,https://cb.imsc.res.in/imppat/therapeuticsplants/Mydriatics
Myelitis,https://cb.imsc.res.in/imppat/therapeuticsplants/Myelitis
Myiasis,https://cb.imsc.res.in/imppat/therapeuticsplants/Myiasis
Myocardial depressant factor,https://cb.imsc.res.in/imppat/therapeuticsplants/Myocardial%20depressant%20factor
Myocardial infarction,https://cb.imsc.res.in/imppat/therapeuticsplants/Myocardial%20infarction
Myocardial ischemia,https://cb.imsc.res.in/imppat/therapeuticsplants/Myocardial%20ischemia
Myopia,https://cb.imsc.res.in/imppat/therapeuticsplants/Myopia
Nail diseases,https://cb.imsc.res.in/imppat/therapeuticsplants/Nail%20diseases
Narcotics,https://cb.imsc.res.in/imppat/therapeuticsplants/Narcotics
Nasal decongestants,https://cb.imsc.res.in/imppat/therapeuticsplants/Nasal%20decongestants
Nasal disease,https://cb.imsc.res.in/imppat/therapeuticsplants/Nasal%20disease
Nasal polyps,https://cb.imsc.res.in/imppat/therapeuticsplants/Nasal%20polyps
Nasopharyngeal carcinoma,https://cb.imsc.res.in/imppat/therapeuticsplants/Nasopharyngeal%20carcinoma
Nasopharyngeal neoplasms,https://cb.imsc.res.in/imppat/therapeuticsplants/Nasopharyngeal%20neoplasms
Nausea,https://cb.imsc.res.in/imppat/therapeuticsplants/Nausea
Neck pain,https://cb.imsc.res.in/imppat/therapeuticsplants/Neck%20pain
Necrosis,https://cb.imsc.res.in/imppat/therapeuticsplants/Necrosis
Negative inotropic effect,https://cb.imsc.res.in/imppat/therapeuticsplants/Negative%20inotropic%20effect
Nematode infections,https://cb.imsc.res.in/imppat/therapeuticsplants/Nematode%20infections
Neoplasms,https://cb.imsc.res.in/imppat/therapeuticsplants/Neoplasms
"Neoplasms, glandular and epithelial","https://cb.imsc.res.in/imppat/therapeuticsplants/Neoplasms,%20glandular%20and%20epithelial"
Nephritis,https://cb.imsc.res.in/imppat/therapeuticsplants/Nephritis
Nephrolithiasis,https://cb.imsc.res.in/imppat/therapeuticsplants/Nephrolithiasis
Nerve growth factors,https://cb.imsc.res.in/imppat/therapeuticsplants/Nerve%20growth%20factors
Nervous system diseases,https://cb.imsc.res.in/imppat/therapeuticsplants/Nervous%20system%20diseases
Neuralgia,https://cb.imsc.res.in/imppat/therapeuticsplants/Neuralgia
Neurasthenia,https://cb.imsc.res.in/imppat/therapeuticsplants/Neurasthenia
Neuritis,https://cb.imsc.res.in/imppat/therapeuticsplants/Neuritis
Neurodegenerative diseases,https://cb.imsc.res.in/imppat/therapeuticsplants/Neurodegenerative%20diseases
Neurodermatitis,https://cb.imsc.res.in/imppat/therapeuticsplants/Neurodermatitis
Neurology,https://cb.imsc.res.in/imppat/therapeuticsplants/Neurology
Neuromuscular agents,https://cb.imsc.res.in/imppat/therapeuticsplants/Neuromuscular%20agents
Neuromuscular blocking activity,https://cb.imsc.res.in/imppat/therapeuticsplants/Neuromuscular%20blocking%20activity
Neuroprotective agents,https://cb.imsc.res.in/imppat/therapeuticsplants/Neuroprotective%20agents
Neurotic disorders,https://cb.imsc.res.in/imppat/therapeuticsplants/Neurotic%20disorders
Neurotransmitter agents,https://cb.imsc.res.in/imppat/therapeuticsplants/Neurotransmitter%20agents
Neutrophils,https://cb.imsc.res.in/imppat/therapeuticsplants/Neutrophils
Nicotinic antagonists,https://cb.imsc.res.in/imppat/therapeuticsplants/Nicotinic%20antagonists
Night blindness,https://cb.imsc.res.in/imppat/therapeuticsplants/Night%20blindness
Nocturnal emission of semen,https://cb.imsc.res.in/imppat/therapeuticsplants/Nocturnal%20emission%20of%20semen
Nocturnal enuresis,https://cb.imsc.res.in/imppat/therapeuticsplants/Nocturnal%20enuresis
Nootropic agents,https://cb.imsc.res.in/imppat/therapeuticsplants/Nootropic%20agents
Nose neoplasms,https://cb.imsc.res.in/imppat/therapeuticsplants/Nose%20neoplasms
Obesity,https://cb.imsc.res.in/imppat/therapeuticsplants/Obesity
Ocular hypertension,https://cb.imsc.res.in/imppat/therapeuticsplants/Ocular%20hypertension
Oesophagostomiasis,https://cb.imsc.res.in/imppat/therapeuticsplants/Oesophagostomiasis
Ointments,https://cb.imsc.res.in/imppat/therapeuticsplants/Ointments
Olfaction disorders,https://cb.imsc.res.in/imppat/therapeuticsplants/Olfaction%20disorders
Oligospermia,https://cb.imsc.res.in/imppat/therapeuticsplants/Oligospermia
Oliguria,https://cb.imsc.res.in/imppat/therapeuticsplants/Oliguria
Onchocerciasis,https://cb.imsc.res.in/imppat/therapeuticsplants/Onchocerciasis
Opioid-related disorders,https://cb.imsc.res.in/imppat/therapeuticsplants/Opioid-related%20disorders
Oral ulcer,https://cb.imsc.res.in/imppat/therapeuticsplants/Oral%20ulcer
Orchitis,https://cb.imsc.res.in/imppat/therapeuticsplants/Orchitis
Osteoarthritis,https://cb.imsc.res.in/imppat/therapeuticsplants/Osteoarthritis
Osteomalacia,https://cb.imsc.res.in/imppat/therapeuticsplants/Osteomalacia
Osteoporosis,https://cb.imsc.res.in/imppat/therapeuticsplants/Osteoporosis
Osteosarcoma,https://cb.imsc.res.in/imppat/therapeuticsplants/Osteosarcoma
Otitis,https://cb.imsc.res.in/imppat/therapeuticsplants/Otitis
Otitis media,https://cb.imsc.res.in/imppat/therapeuticsplants/Otitis%20media
"Otitis media, suppurative","https://cb.imsc.res.in/imppat/therapeuticsplants/Otitis%20media,%20suppurative"
Otorrhea,https://cb.imsc.res.in/imppat/therapeuticsplants/Otorrhea
Ovarian neoplasms,https://cb.imsc.res.in/imppat/therapeuticsplants/Ovarian%20neoplasms
Oxytocics,https://cb.imsc.res.in/imppat/therapeuticsplants/Oxytocics
Pain,https://cb.imsc.res.in/imppat/therapeuticsplants/Pain
Papilloma,https://cb.imsc.res.in/imppat/therapeuticsplants/Papilloma
Paralysis,https://cb.imsc.res.in/imppat/therapeuticsplants/Paralysis
Paralysis of brain and spine,https://cb.imsc.res.in/imppat/therapeuticsplants/Paralysis%20of%20brain%20and%20spine
Paraplegia,https://cb.imsc.res.in/imppat/therapeuticsplants/Paraplegia
Parasympatholytics,https://cb.imsc.res.in/imppat/therapeuticsplants/Parasympatholytics
Paratyphoid fever,https://cb.imsc.res.in/imppat/therapeuticsplants/Paratyphoid%20fever
Parkinson disease,https://cb.imsc.res.in/imppat/therapeuticsplants/Parkinson%20disease
Paronychia,https://cb.imsc.res.in/imppat/therapeuticsplants/Paronychia
Parotitis,https://cb.imsc.res.in/imppat/therapeuticsplants/Parotitis
Parturition,https://cb.imsc.res.in/imppat/therapeuticsplants/Parturition
Passive cutaneous anaphylaxis,https://cb.imsc.res.in/imppat/therapeuticsplants/Passive%20cutaneous%20anaphylaxis
Pathologic constriction,https://cb.imsc.res.in/imppat/therapeuticsplants/Pathologic%20constriction
Pectoralis muscles,https://cb.imsc.res.in/imppat/therapeuticsplants/Pectoralis%20muscles
Pellagra,https://cb.imsc.res.in/imppat/therapeuticsplants/Pellagra
Pelvic infection,https://cb.imsc.res.in/imppat/therapeuticsplants/Pelvic%20infection
Pelvic pain,https://cb.imsc.res.in/imppat/therapeuticsplants/Pelvic%20pain
Penis diseases,https://cb.imsc.res.in/imppat/therapeuticsplants/Penis%20diseases
Peptic ulcer,https://cb.imsc.res.in/imppat/therapeuticsplants/Peptic%20ulcer
Pericarditis,https://cb.imsc.res.in/imppat/therapeuticsplants/Pericarditis
Periodontal abscess,https://cb.imsc.res.in/imppat/therapeuticsplants/Periodontal%20abscess
Periodontal diseases,https://cb.imsc.res.in/imppat/therapeuticsplants/Periodontal%20diseases
Periodontitis,https://cb.imsc.res.in/imppat/therapeuticsplants/Periodontitis
Periostitis,https://cb.imsc.res.in/imppat/therapeuticsplants/Periostitis
Peripheral arterial disease,https://cb.imsc.res.in/imppat/therapeuticsplants/Peripheral%20arterial%20disease
Peripheral nervous system diseases,https://cb.imsc.res.in/imppat/therapeuticsplants/Peripheral%20nervous%20system%20diseases
Peritonitis,https://cb.imsc.res.in/imppat/therapeuticsplants/Peritonitis
"Pest control, biological","https://cb.imsc.res.in/imppat/therapeuticsplants/Pest%20control,%20biological"
Pesticides,https://cb.imsc.res.in/imppat/therapeuticsplants/Pesticides
Pharyngitis,https://cb.imsc.res.in/imppat/therapeuticsplants/Pharyngitis
Phimosis,https://cb.imsc.res.in/imppat/therapeuticsplants/Phimosis
Phlebitis,https://cb.imsc.res.in/imppat/therapeuticsplants/Phlebitis
Photosensitivity disorders,https://cb.imsc.res.in/imppat/therapeuticsplants/Photosensitivity%20disorders
Phytotherapy,https://cb.imsc.res.in/imppat/therapeuticsplants/Phytotherapy
Plague,https://cb.imsc.res.in/imppat/therapeuticsplants/Plague
Platelet aggregation,https://cb.imsc.res.in/imppat/therapeuticsplants/Platelet%20aggregation
Platelet aggregation inhibitors,https://cb.imsc.res.in/imppat/therapeuticsplants/Platelet%20aggregation%20inhibitors
Pleurisy,https://cb.imsc.res.in/imppat/therapeuticsplants/Pleurisy
Pneumonia,https://cb.imsc.res.in/imppat/therapeuticsplants/Pneumonia
Poliomyelitis,https://cb.imsc.res.in/imppat/therapeuticsplants/Poliomyelitis
Poliovirus,https://cb.imsc.res.in/imppat/therapeuticsplants/Poliovirus
Polycythemia,https://cb.imsc.res.in/imppat/therapeuticsplants/Polycythemia
Polyuria,https://cb.imsc.res.in/imppat/therapeuticsplants/Polyuria
Post-traumatic headache,https://cb.imsc.res.in/imppat/therapeuticsplants/Post-traumatic%20headache
Postnatal care,https://cb.imsc.res.in/imppat/therapeuticsplants/Postnatal%20care
Postpartum hemorrhage,https://cb.imsc.res.in/imppat/therapeuticsplants/Postpartum%20hemorrhage
Postpartum period,https://cb.imsc.res.in/imppat/therapeuticsplants/Postpartum%20period
Postthrombotic syndrome,https://cb.imsc.res.in/imppat/therapeuticsplants/Postthrombotic%20syndrome
Pre-eclampsia,https://cb.imsc.res.in/imppat/therapeuticsplants/Pre-eclampsia
Pregnancy,https://cb.imsc.res.in/imppat/therapeuticsplants/Pregnancy
Pregnancy complications,https://cb.imsc.res.in/imppat/therapeuticsplants/Pregnancy%20complications
Premature ejaculation,https://cb.imsc.res.in/imppat/therapeuticsplants/Premature%20ejaculation
Premenstrual syndrome,https://cb.imsc.res.in/imppat/therapeuticsplants/Premenstrual%20syndrome
Prenatal care,https://cb.imsc.res.in/imppat/therapeuticsplants/Prenatal%20care
Pressure ulcer,https://cb.imsc.res.in/imppat/therapeuticsplants/Pressure%20ulcer
Primary dysautonomias,https://cb.imsc.res.in/imppat/therapeuticsplants/Primary%20dysautonomias
Proctitis,https://cb.imsc.res.in/imppat/therapeuticsplants/Proctitis
Prolapse,https://cb.imsc.res.in/imppat/therapeuticsplants/Prolapse
Prostaglandin antagonists,https://cb.imsc.res.in/imppat/therapeuticsplants/Prostaglandin%20antagonists
Prostatic hyperplasia,https://cb.imsc.res.in/imppat/therapeuticsplants/Prostatic%20hyperplasia
Prostatic neoplasms,https://cb.imsc.res.in/imppat/therapeuticsplants/Prostatic%20neoplasms
Prostatitis,https://cb.imsc.res.in/imppat/therapeuticsplants/Prostatitis
Prurigo,https://cb.imsc.res.in/imppat/therapeuticsplants/Prurigo
Pruritus,https://cb.imsc.res.in/imppat/therapeuticsplants/Pruritus
Pruritus ani,https://cb.imsc.res.in/imppat/therapeuticsplants/Pruritus%20ani
Pruritus vulvae,https://cb.imsc.res.in/imppat/therapeuticsplants/Pruritus%20vulvae
Psoriasis,https://cb.imsc.res.in/imppat/therapeuticsplants/Psoriasis
Psychophysiologic disorders,https://cb.imsc.res.in/imppat/therapeuticsplants/Psychophysiologic%20disorders
Psychotropic drugs,https://cb.imsc.res.in/imppat/therapeuticsplants/Psychotropic%20drugs
Puerperal disorders,https://cb.imsc.res.in/imppat/therapeuticsplants/Puerperal%20disorders
Pulmonary eosinophilia,https://cb.imsc.res.in/imppat/therapeuticsplants/Pulmonary%20eosinophilia
"Purpura, thrombocytopenic, idiopathic","https://cb.imsc.res.in/imppat/therapeuticsplants/Purpura,%20thrombocytopenic,%20idiopathic"
Pyelonephritis,https://cb.imsc.res.in/imppat/therapeuticsplants/Pyelonephritis
Pyoderma,https://cb.imsc.res.in/imppat/therapeuticsplants/Pyoderma
Rabies,https://cb.imsc.res.in/imppat/therapeuticsplants/Rabies
Radiation injuries,https://cb.imsc.res.in/imppat/therapeuticsplants/Radiation%20injuries
Radiation-protective agents,https://cb.imsc.res.in/imppat/therapeuticsplants/Radiation-protective%20agents
Rat-bite fever,https://cb.imsc.res.in/imppat/therapeuticsplants/Rat-bite%20fever
Rectal diseases,https://cb.imsc.res.in/imppat/therapeuticsplants/Rectal%20diseases
Rectal fistula,https://cb.imsc.res.in/imppat/therapeuticsplants/Rectal%20fistula
Rectal pain,https://cb.imsc.res.in/imppat/therapeuticsplants/Rectal%20pain
Rectal prolapse,https://cb.imsc.res.in/imppat/therapeuticsplants/Rectal%20prolapse
Reduced salivation,https://cb.imsc.res.in/imppat/therapeuticsplants/Reduced%20salivation
Relaxation,https://cb.imsc.res.in/imppat/therapeuticsplants/Relaxation
Renal colic,https://cb.imsc.res.in/imppat/therapeuticsplants/Renal%20colic
"Renal insufficiency, chronic","https://cb.imsc.res.in/imppat/therapeuticsplants/Renal%20insufficiency,%20chronic"
Reproductive health,https://cb.imsc.res.in/imppat/therapeuticsplants/Reproductive%20health
Respiratory sounds (Wheezing),https://cb.imsc.res.in/imppat/therapeuticsplants/Respiratory%20sounds%20(Wheezing)
Respiratory system agents,https://cb.imsc.res.in/imppat/therapeuticsplants/Respiratory%20system%20agents
Respiratory tract diseases,https://cb.imsc.res.in/imppat/therapeuticsplants/Respiratory%20tract%20diseases
Respiratory tract infections,https://cb.imsc.res.in/imppat/therapeuticsplants/Respiratory%20tract%20infections
Retinal disorder,https://cb.imsc.res.in/imppat/therapeuticsplants/Retinal%20disorder
Retinitis,https://cb.imsc.res.in/imppat/therapeuticsplants/Retinitis
Rheumatic diseases,https://cb.imsc.res.in/imppat/therapeuticsplants/Rheumatic%20diseases
Rheumatic fever,https://cb.imsc.res.in/imppat/therapeuticsplants/Rheumatic%20fever
Rheumatoid arthritis,https://cb.imsc.res.in/imppat/therapeuticsplants/Rheumatoid%20arthritis
Rhinitis,https://cb.imsc.res.in/imppat/therapeuticsplants/Rhinitis
"Rhinitis, allergic","https://cb.imsc.res.in/imppat/therapeuticsplants/Rhinitis,%20allergic"
"Rhinitis, allergic, seasonal","https://cb.imsc.res.in/imppat/therapeuticsplants/Rhinitis,%20allergic,%20seasonal"
Rhinovirus,https://cb.imsc.res.in/imppat/therapeuticsplants/Rhinovirus
Rickets,https://cb.imsc.res.in/imppat/therapeuticsplants/Rickets
Rickettsia,https://cb.imsc.res.in/imppat/therapeuticsplants/Rickettsia
Rinderpest,https://cb.imsc.res.in/imppat/therapeuticsplants/Rinderpest
Rna virus infections,https://cb.imsc.res.in/imppat/therapeuticsplants/Rna%20virus%20infections
Rupture,https://cb.imsc.res.in/imppat/therapeuticsplants/Rupture
Salivation,https://cb.imsc.res.in/imppat/therapeuticsplants/Salivation
Sarcoma,https://cb.imsc.res.in/imppat/therapeuticsplants/Sarcoma
Scabies,https://cb.imsc.res.in/imppat/therapeuticsplants/Scabies
Scalp dermatoses,https://cb.imsc.res.in/imppat/therapeuticsplants/Scalp%20dermatoses
Scarlet fever,https://cb.imsc.res.in/imppat/therapeuticsplants/Scarlet%20fever
Schistosoma,https://cb.imsc.res.in/imppat/therapeuticsplants/Schistosoma
Schistosomiasis,https://cb.imsc.res.in/imppat/therapeuticsplants/Schistosomiasis
Schizophrenia,https://cb.imsc.res.in/imppat/therapeuticsplants/Schizophrenia
Sciatica,https://cb.imsc.res.in/imppat/therapeuticsplants/Sciatica
Scleritis,https://cb.imsc.res.in/imppat/therapeuticsplants/Scleritis
"Scleroderma, systemic","https://cb.imsc.res.in/imppat/therapeuticsplants/Scleroderma,%20systemic"
Scorpion stings,https://cb.imsc.res.in/imppat/therapeuticsplants/Scorpion%20stings
Scotoma,https://cb.imsc.res.in/imppat/therapeuticsplants/Scotoma
Scrotal hernia,https://cb.imsc.res.in/imppat/therapeuticsplants/Scrotal%20hernia
Scurvy,https://cb.imsc.res.in/imppat/therapeuticsplants/Scurvy
Seizures,https://cb.imsc.res.in/imppat/therapeuticsplants/Seizures
Seminal vesicles,https://cb.imsc.res.in/imppat/therapeuticsplants/Seminal%20vesicles
Sepsis,https://cb.imsc.res.in/imppat/therapeuticsplants/Sepsis
Sexual debility,https://cb.imsc.res.in/imppat/therapeuticsplants/Sexual%20debility
Sexually transmitted diseases,https://cb.imsc.res.in/imppat/therapeuticsplants/Sexually%20transmitted%20diseases
Shigellosis,https://cb.imsc.res.in/imppat/therapeuticsplants/Shigellosis
"Shock, cardiogenic","https://cb.imsc.res.in/imppat/therapeuticsplants/Shock,%20cardiogenic"
Shoulder pain,https://cb.imsc.res.in/imppat/therapeuticsplants/Shoulder%20pain
Sialorrhea,https://cb.imsc.res.in/imppat/therapeuticsplants/Sialorrhea
Silicosis,https://cb.imsc.res.in/imppat/therapeuticsplants/Silicosis
Simplexvirus,https://cb.imsc.res.in/imppat/therapeuticsplants/Simplexvirus
Sinusitis,https://cb.imsc.res.in/imppat/therapeuticsplants/Sinusitis
Skin aging,https://cb.imsc.res.in/imppat/therapeuticsplants/Skin%20aging
Skin care,https://cb.imsc.res.in/imppat/therapeuticsplants/Skin%20care
Skin diseases,https://cb.imsc.res.in/imppat/therapeuticsplants/Skin%20diseases
"Skin diseases, infectious","https://cb.imsc.res.in/imppat/therapeuticsplants/Skin%20diseases,%20infectious"
Skin neoplasms,https://cb.imsc.res.in/imppat/therapeuticsplants/Skin%20neoplasms
Skin pigmentation,https://cb.imsc.res.in/imppat/therapeuticsplants/Skin%20pigmentation
Skin ulcer,https://cb.imsc.res.in/imppat/therapeuticsplants/Skin%20ulcer
"Sleep aids, pharmaceutical","https://cb.imsc.res.in/imppat/therapeuticsplants/Sleep%20aids,%20pharmaceutical"
Sleep hygiene,https://cb.imsc.res.in/imppat/therapeuticsplants/Sleep%20hygiene
Sleep initiation and maintenance disorders,https://cb.imsc.res.in/imppat/therapeuticsplants/Sleep%20initiation%20and%20maintenance%20disorders
Sleep wake disorders,https://cb.imsc.res.in/imppat/therapeuticsplants/Sleep%20wake%20disorders
Sleepiness,https://cb.imsc.res.in/imppat/therapeuticsplants/Sleepiness
Smallpox,https://cb.imsc.res.in/imppat/therapeuticsplants/Smallpox
Smoking prevention,https://cb.imsc.res.in/imppat/therapeuticsplants/Smoking%20prevention
Snake bites,https://cb.imsc.res.in/imppat/therapeuticsplants/Snake%20bites
Sneezing,https://cb.imsc.res.in/imppat/therapeuticsplants/Sneezing
Somnambulism,https://cb.imsc.res.in/imppat/therapeuticsplants/Somnambulism
Spasm,https://cb.imsc.res.in/imppat/therapeuticsplants/Spasm
Spermatocidal agents,https://cb.imsc.res.in/imppat/therapeuticsplants/Spermatocidal%20agents
Spermatogenesis,https://cb.imsc.res.in/imppat/therapeuticsplants/Spermatogenesis
Spider bites,https://cb.imsc.res.in/imppat/therapeuticsplants/Spider%20bites
Spinal diseases,https://cb.imsc.res.in/imppat/therapeuticsplants/Spinal%20diseases
Splenic diseases,https://cb.imsc.res.in/imppat/therapeuticsplants/Splenic%20diseases
Splenic neoplasms,https://cb.imsc.res.in/imppat/therapeuticsplants/Splenic%20neoplasms
Splenomegaly,https://cb.imsc.res.in/imppat/therapeuticsplants/Splenomegaly
Spondylitis,https://cb.imsc.res.in/imppat/therapeuticsplants/Spondylitis
Spondylosis,https://cb.imsc.res.in/imppat/therapeuticsplants/Spondylosis
Sprains and strains,https://cb.imsc.res.in/imppat/therapeuticsplants/Sprains%20and%20strains
Steatorrhea,https://cb.imsc.res.in/imppat/therapeuticsplants/Steatorrhea
Sterilization,https://cb.imsc.res.in/imppat/therapeuticsplants/Sterilization
"Sterilization, reproductive","https://cb.imsc.res.in/imppat/therapeuticsplants/Sterilization,%20reproductive"
Stomach diseases,https://cb.imsc.res.in/imppat/therapeuticsplants/Stomach%20diseases
Stomach neoplasms,https://cb.imsc.res.in/imppat/therapeuticsplants/Stomach%20neoplasms
Stomach ulcer,https://cb.imsc.res.in/imppat/therapeuticsplants/Stomach%20ulcer
Stomatitis,https://cb.imsc.res.in/imppat/therapeuticsplants/Stomatitis
"Stomatitis, aphthous","https://cb.imsc.res.in/imppat/therapeuticsplants/Stomatitis,%20aphthous"
"Stress, physiological","https://cb.imsc.res.in/imppat/therapeuticsplants/Stress,%20physiological"
"Stress, psychological","https://cb.imsc.res.in/imppat/therapeuticsplants/Stress,%20psychological"
Stroke,https://cb.imsc.res.in/imppat/therapeuticsplants/Stroke
Stupor,https://cb.imsc.res.in/imppat/therapeuticsplants/Stupor
Stuttering,https://cb.imsc.res.in/imppat/therapeuticsplants/Stuttering
Substance withdrawal syndrome,https://cb.imsc.res.in/imppat/therapeuticsplants/Substance%20withdrawal%20syndrome
Sunburn,https://cb.imsc.res.in/imppat/therapeuticsplants/Sunburn
Sunscreening agents,https://cb.imsc.res.in/imppat/therapeuticsplants/Sunscreening%20agents
Sunstroke,https://cb.imsc.res.in/imppat/therapeuticsplants/Sunstroke
Suppuration,https://cb.imsc.res.in/imppat/therapeuticsplants/Suppuration
Surgical wound,https://cb.imsc.res.in/imppat/therapeuticsplants/Surgical%20wound
Sweating,https://cb.imsc.res.in/imppat/therapeuticsplants/Sweating
Sympatholytics,https://cb.imsc.res.in/imppat/therapeuticsplants/Sympatholytics
Sympathomimetics,https://cb.imsc.res.in/imppat/therapeuticsplants/Sympathomimetics
Syncope,https://cb.imsc.res.in/imppat/therapeuticsplants/Syncope
"Syncope, vasovagal","https://cb.imsc.res.in/imppat/therapeuticsplants/Syncope,%20vasovagal"
Synovitis,https://cb.imsc.res.in/imppat/therapeuticsplants/Synovitis
Syphilis,https://cb.imsc.res.in/imppat/therapeuticsplants/Syphilis
"Syphilis, cutaneous","https://cb.imsc.res.in/imppat/therapeuticsplants/Syphilis,%20cutaneous"
Tachycardia,https://cb.imsc.res.in/imppat/therapeuticsplants/Tachycardia
Tardive dyskinesia,https://cb.imsc.res.in/imppat/therapeuticsplants/Tardive%20dyskinesia
Taste disorders,https://cb.imsc.res.in/imppat/therapeuticsplants/Taste%20disorders
Tenesmus,https://cb.imsc.res.in/imppat/therapeuticsplants/Tenesmus
Testicular diseases,https://cb.imsc.res.in/imppat/therapeuticsplants/Testicular%20diseases
Testicular neoplasms,https://cb.imsc.res.in/imppat/therapeuticsplants/Testicular%20neoplasms
Tetanus,https://cb.imsc.res.in/imppat/therapeuticsplants/Tetanus
Thirst,https://cb.imsc.res.in/imppat/therapeuticsplants/Thirst
Thoracic diseases,https://cb.imsc.res.in/imppat/therapeuticsplants/Thoracic%20diseases
Throat wound,https://cb.imsc.res.in/imppat/therapeuticsplants/Throat%20wound
Thrombocytopenia,https://cb.imsc.res.in/imppat/therapeuticsplants/Thrombocytopenia
Thromboembolism,https://cb.imsc.res.in/imppat/therapeuticsplants/Thromboembolism
Thrombophlebitis,https://cb.imsc.res.in/imppat/therapeuticsplants/Thrombophlebitis
Thrombosis,https://cb.imsc.res.in/imppat/therapeuticsplants/Thrombosis
Thrombotic microangiopathies,https://cb.imsc.res.in/imppat/therapeuticsplants/Thrombotic%20microangiopathies
Thrombotic thrombocytopenic purpura,https://cb.imsc.res.in/imppat/therapeuticsplants/Thrombotic%20thrombocytopenic%20purpura
"Thyroid carcinoma, anaplastic","https://cb.imsc.res.in/imppat/therapeuticsplants/Thyroid%20carcinoma,%20anaplastic"
Thyroid diseases,https://cb.imsc.res.in/imppat/therapeuticsplants/Thyroid%20diseases
Thyrotoxicosis,https://cb.imsc.res.in/imppat/therapeuticsplants/Thyrotoxicosis
Tick infestations,https://cb.imsc.res.in/imppat/therapeuticsplants/Tick%20infestations
Tinea,https://cb.imsc.res.in/imppat/therapeuticsplants/Tinea
Tinea pedis,https://cb.imsc.res.in/imppat/therapeuticsplants/Tinea%20pedis
Tinnitus,https://cb.imsc.res.in/imppat/therapeuticsplants/Tinnitus
Tocolytic agents,https://cb.imsc.res.in/imppat/therapeuticsplants/Tocolytic%20agents
Tongue diseases,https://cb.imsc.res.in/imppat/therapeuticsplants/Tongue%20diseases
Tonsillar neoplasms,https://cb.imsc.res.in/imppat/therapeuticsplants/Tonsillar%20neoplasms
Tonsillitis,https://cb.imsc.res.in/imppat/therapeuticsplants/Tonsillitis
Tooth diseases,https://cb.imsc.res.in/imppat/therapeuticsplants/Tooth%20diseases
Tooth mobility,https://cb.imsc.res.in/imppat/therapeuticsplants/Tooth%20mobility
Tooth socket,https://cb.imsc.res.in/imppat/therapeuticsplants/Tooth%20socket
Toothache,https://cb.imsc.res.in/imppat/therapeuticsplants/Toothache
Toothbrushing,https://cb.imsc.res.in/imppat/therapeuticsplants/Toothbrushing
Tracheitis,https://cb.imsc.res.in/imppat/therapeuticsplants/Tracheitis
Trachoma,https://cb.imsc.res.in/imppat/therapeuticsplants/Trachoma
Tranquilizing agents,https://cb.imsc.res.in/imppat/therapeuticsplants/Tranquilizing%20agents
Trauma,https://cb.imsc.res.in/imppat/therapeuticsplants/Trauma
Tremor,https://cb.imsc.res.in/imppat/therapeuticsplants/Tremor
Trichomonas infections,https://cb.imsc.res.in/imppat/therapeuticsplants/Trichomonas%20infections
Trismus,https://cb.imsc.res.in/imppat/therapeuticsplants/Trismus
Trypanosomiasis,https://cb.imsc.res.in/imppat/therapeuticsplants/Trypanosomiasis
"Trypanosomiasis, african","https://cb.imsc.res.in/imppat/therapeuticsplants/Trypanosomiasis,%20african"
Trypsin inhibitors,https://cb.imsc.res.in/imppat/therapeuticsplants/Trypsin%20inhibitors
Tuberculosis,https://cb.imsc.res.in/imppat/therapeuticsplants/Tuberculosis
"Tuberculosis, laryngeal","https://cb.imsc.res.in/imppat/therapeuticsplants/Tuberculosis,%20laryngeal"
"Tuberculosis, lymph node","https://cb.imsc.res.in/imppat/therapeuticsplants/Tuberculosis,%20lymph%20node"
"Tuberculosis, pulmonary","https://cb.imsc.res.in/imppat/therapeuticsplants/Tuberculosis,%20pulmonary"
Tylenchoidea,https://cb.imsc.res.in/imppat/therapeuticsplants/Tylenchoidea
Tympanic membrane,https://cb.imsc.res.in/imppat/therapeuticsplants/Tympanic%20membrane
Typhoid fever,https://cb.imsc.res.in/imppat/therapeuticsplants/Typhoid%20fever
Ulcer,https://cb.imsc.res.in/imppat/therapeuticsplants/Ulcer
Unconsciousness,https://cb.imsc.res.in/imppat/therapeuticsplants/Unconsciousness
Ureteral calculi,https://cb.imsc.res.in/imppat/therapeuticsplants/Ureteral%20calculi
Ureteral diseases,https://cb.imsc.res.in/imppat/therapeuticsplants/Ureteral%20diseases
Urethral caruncle,https://cb.imsc.res.in/imppat/therapeuticsplants/Urethral%20caruncle
Urethral discharge,https://cb.imsc.res.in/imppat/therapeuticsplants/Urethral%20discharge
Urethral diseases,https://cb.imsc.res.in/imppat/therapeuticsplants/Urethral%20diseases
Urethritis,https://cb.imsc.res.in/imppat/therapeuticsplants/Urethritis
Uricosuric agents,https://cb.imsc.res.in/imppat/therapeuticsplants/Uricosuric%20agents
Urinary bladder calculi,https://cb.imsc.res.in/imppat/therapeuticsplants/Urinary%20bladder%20calculi
Urinary bladder diseases,https://cb.imsc.res.in/imppat/therapeuticsplants/Urinary%20bladder%20diseases
Urinary bladder fistula,https://cb.imsc.res.in/imppat/therapeuticsplants/Urinary%20bladder%20fistula
Urinary bladder neoplasms,https://cb.imsc.res.in/imppat/therapeuticsplants/Urinary%20bladder%20neoplasms
"Urinary bladder, neurogenic","https://cb.imsc.res.in/imppat/therapeuticsplants/Urinary%20bladder,%20neurogenic"
"Urinary bladder, overactive","https://cb.imsc.res.in/imppat/therapeuticsplants/Urinary%20bladder,%20overactive"
Urinary calculi,https://cb.imsc.res.in/imppat/therapeuticsplants/Urinary%20calculi
Urinary incontinence,https://cb.imsc.res.in/imppat/therapeuticsplants/Urinary%20incontinence
Urinary retention,https://cb.imsc.res.in/imppat/therapeuticsplants/Urinary%20retention
Urinary tract infections,https://cb.imsc.res.in/imppat/therapeuticsplants/Urinary%20tract%20infections
Urination disorders,https://cb.imsc.res.in/imppat/therapeuticsplants/Urination%20disorders
Urogenital neoplasms,https://cb.imsc.res.in/imppat/therapeuticsplants/Urogenital%20neoplasms
Urogenital system,https://cb.imsc.res.in/imppat/therapeuticsplants/Urogenital%20system
Urolithiasis,https://cb.imsc.res.in/imppat/therapeuticsplants/Urolithiasis
Urologic diseases,https://cb.imsc.res.in/imppat/therapeuticsplants/Urologic%20diseases
Urticaria,https://cb.imsc.res.in/imppat/therapeuticsplants/Urticaria
Uterine cervical erosion,https://cb.imsc.res.in/imppat/therapeuticsplants/Uterine%20cervical%20erosion
Uterine cervical neoplasms,https://cb.imsc.res.in/imppat/therapeuticsplants/Uterine%20cervical%20neoplasms
Uterine cervicitis,https://cb.imsc.res.in/imppat/therapeuticsplants/Uterine%20cervicitis
Uterine contraction,https://cb.imsc.res.in/imppat/therapeuticsplants/Uterine%20contraction
Uterine diseases,https://cb.imsc.res.in/imppat/therapeuticsplants/Uterine%20diseases
Uterine hemorrhage,https://cb.imsc.res.in/imppat/therapeuticsplants/Uterine%20hemorrhage
Uterine neoplasms,https://cb.imsc.res.in/imppat/therapeuticsplants/Uterine%20neoplasms
Uveitis,https://cb.imsc.res.in/imppat/therapeuticsplants/Uveitis
Uvular hypertrophy,https://cb.imsc.res.in/imppat/therapeuticsplants/Uvular%20hypertrophy
Vaccinia virus,https://cb.imsc.res.in/imppat/therapeuticsplants/Vaccinia%20virus
Vaginal discharge,https://cb.imsc.res.in/imppat/therapeuticsplants/Vaginal%20discharge
Vaginal diseases,https://cb.imsc.res.in/imppat/therapeuticsplants/Vaginal%20diseases
Vaginitis,https://cb.imsc.res.in/imppat/therapeuticsplants/Vaginitis
Varicose veins,https://cb.imsc.res.in/imppat/therapeuticsplants/Varicose%20veins
Vascular purpura,https://cb.imsc.res.in/imppat/therapeuticsplants/Vascular%20purpura
Vasoconstrictor agents,https://cb.imsc.res.in/imppat/therapeuticsplants/Vasoconstrictor%20agents
Vasodilator agents,https://cb.imsc.res.in/imppat/therapeuticsplants/Vasodilator%20agents
Vertebrobasilar insufficiency,https://cb.imsc.res.in/imppat/therapeuticsplants/Vertebrobasilar%20insufficiency
Vertigo,https://cb.imsc.res.in/imppat/therapeuticsplants/Vertigo
Vesicular eruption,https://cb.imsc.res.in/imppat/therapeuticsplants/Vesicular%20eruption
Vesiculovirus,https://cb.imsc.res.in/imppat/therapeuticsplants/Vesiculovirus
Veterinary medicine,https://cb.imsc.res.in/imppat/therapeuticsplants/Veterinary%20medicine
Visceral disorders,https://cb.imsc.res.in/imppat/therapeuticsplants/Visceral%20disorders
Visceral obstructions,https://cb.imsc.res.in/imppat/therapeuticsplants/Visceral%20obstructions
Vision disorders,https://cb.imsc.res.in/imppat/therapeuticsplants/Vision%20disorders
Visual perception,https://cb.imsc.res.in/imppat/therapeuticsplants/Visual%20perception
Vitamin A deficiency,https://cb.imsc.res.in/imppat/therapeuticsplants/Vitamin%20A%20deficiency
Vitamin B1 deficiancy,https://cb.imsc.res.in/imppat/therapeuticsplants/Vitamin%20B1%20deficiancy
Vitiligo,https://cb.imsc.res.in/imppat/therapeuticsplants/Vitiligo
Vocal cords inflammation,https://cb.imsc.res.in/imppat/therapeuticsplants/Vocal%20cords%20inflammation
Vomiting,https://cb.imsc.res.in/imppat/therapeuticsplants/Vomiting
Warts,https://cb.imsc.res.in/imppat/therapeuticsplants/Warts
Washerman's itch,https://cb.imsc.res.in/imppat/therapeuticsplants/Washerman's%20itch
Wasp sting,https://cb.imsc.res.in/imppat/therapeuticsplants/Wasp%20sting
Wasting syndrome,https://cb.imsc.res.in/imppat/therapeuticsplants/Wasting%20syndrome
Watermelon mosaic virus,https://cb.imsc.res.in/imppat/therapeuticsplants/Watermelon%20mosaic%20virus
Weak pulse,https://cb.imsc.res.in/imppat/therapeuticsplants/Weak%20pulse
Weight loss,https://cb.imsc.res.in/imppat/therapeuticsplants/Weight%20loss
Whitlows,https://cb.imsc.res.in/imppat/therapeuticsplants/Whitlows
Whooping cough,https://cb.imsc.res.in/imppat/therapeuticsplants/Whooping%20cough
Wilms tumor,https://cb.imsc.res.in/imppat/therapeuticsplants/Wilms%20tumor
Wound healing,https://cb.imsc.res.in/imppat/therapeuticsplants/Wound%20healing
Wound infection,https://cb.imsc.res.in/imppat/therapeuticsplants/Wound%20infection
Wounds and injuries,https://cb.imsc.res.in/imppat/therapeuticsplants/Wounds%20and%20injuries
Xerostomia,https://cb.imsc.res.in/imppat/therapeuticsplants/Xerostomia
Yaws,https://cb.imsc.res.in/imppat/therapeuticsplants/Yaws
Yellow fever,https://cb.imsc.res.in/imppat/therapeuticsplants/Yellow%20fever
